id,exp_name,group_size,room_id,player_id,time_stamp,x,y,stars_in_room,balls_in_room,star_score,ball_score,picked_star,picked_ball
1391,CleanUP_base,2,3c6af,oiijp6eui,1586,6,4,1,1,0,0,0,0
874,CleanUP_base,2,44183,kgt9yu67p,32044,0,2,1,0,17,2,0,0
858,CleanUP_base,2,44183,kgt9yu67p,29723,1,8,1,1,16,2,0,0
873,CleanUP_base,2,44183,kgt9yu67p,31833,0,1,1,0,17,2,0,0
872,CleanUP_base,2,44183,kgt9yu67p,31601,0,0,1,0,17,2,1,0
871,CleanUP_base,2,44183,kgt9yu67p,31186,1,0,2,0,16,2,0,0
870,CleanUP_base,2,44183,aq1u88sd5,31163,13,3,2,0,0,16,0,1
869,CleanUP_base,2,44183,kgt9yu67p,31000,1,1,1,1,16,2,0,0
868,CleanUP_base,2,44183,aq1u88sd5,30908,12,3,1,1,0,15,0,0
867,CleanUP_base,2,44183,kgt9yu67p,30821,1,2,1,1,16,2,0,0
866,CleanUP_base,2,44183,aq1u88sd5,30632,12,2,1,1,0,15,0,0
865,CleanUP_base,2,44183,kgt9yu67p,30628,1,3,1,1,16,2,0,0
864,CleanUP_base,2,44183,kgt9yu67p,30460,1,4,1,1,16,2,0,0
863,CleanUP_base,2,44183,kgt9yu67p,30292,1,5,1,1,16,2,0,0
862,CleanUP_base,2,44183,aq1u88sd5,30162,12,1,1,1,0,15,0,1
861,CleanUP_base,2,44183,kgt9yu67p,30150,1,6,1,2,16,2,0,0
860,CleanUP_base,2,44183,kgt9yu67p,29947,1,7,1,1,16,2,0,0
859,CleanUP_base,2,44183,aq1u88sd5,29862,13,1,1,1,0,14,0,0
891,CleanUP_base,2,44183,aq1u88sd5,34318,14,5,3,2,0,17,0,0
883,CleanUP_base,2,44183,kgt9yu67p,33261,3,3,2,1,18,2,0,0
823,CleanUP_base,2,44183,kgt9yu67p,21135,1,5,1,0,8,2,1,0
890,CleanUP_base,2,44183,kgt9yu67p,34138,1,1,3,2,18,2,0,0
889,CleanUP_base,2,44183,aq1u88sd5,34126,14,4,3,2,0,17,0,0
888,CleanUP_base,2,44183,aq1u88sd5,33959,14,3,2,1,0,17,0,0
887,CleanUP_base,2,44183,kgt9yu67p,33877,2,1,2,1,18,2,0,0
886,CleanUP_base,2,44183,aq1u88sd5,33708,14,2,2,1,0,17,0,0
885,CleanUP_base,2,44183,kgt9yu67p,33698,3,1,2,1,18,2,0,0
884,CleanUP_base,2,44183,kgt9yu67p,33490,3,2,2,1,18,2,0,0
875,CleanUP_base,2,44183,kgt9yu67p,32248,0,3,2,1,17,2,0,0
882,CleanUP_base,2,44183,aq1u88sd5,33154,14,1,2,1,0,17,0,1
881,CleanUP_base,2,44183,kgt9yu67p,33138,3,4,2,2,18,2,0,0
880,CleanUP_base,2,44183,kgt9yu67p,32935,2,4,1,1,18,2,0,0
879,CleanUP_base,2,44183,aq1u88sd5,32885,13,1,1,1,0,16,0,0
878,CleanUP_base,2,44183,kgt9yu67p,32720,1,4,1,1,18,2,0,0
877,CleanUP_base,2,44183,aq1u88sd5,32674,13,2,1,1,0,16,0,0
876,CleanUP_base,2,44183,kgt9yu67p,32446,0,4,1,1,18,2,1,0
831,CleanUP_base,2,44183,kgt9yu67p,24646,1,3,1,0,11,2,0,0
839,CleanUP_base,2,44183,aq1u88sd5,26021,13,5,1,1,0,11,0,0
838,CleanUP_base,2,44183,kgt9yu67p,25977,2,1,0,0,13,2,0,0
837,CleanUP_base,2,44183,kgt9yu67p,25672,2,0,0,0,13,2,1,0
836,CleanUP_base,2,44183,aq1u88sd5,25332,13,6,1,0,0,11,0,0
835,CleanUP_base,2,44183,kgt9yu67p,25243,1,0,1,0,12,2,1,0
834,CleanUP_base,2,44183,kgt9yu67p,25022,1,1,2,0,11,2,0,0
833,CleanUP_base,2,44183,aq1u88sd5,24977,13,5,1,0,0,11,0,0
832,CleanUP_base,2,44183,kgt9yu67p,24826,1,2,1,0,11,2,0,0
840,CleanUP_base,2,44183,kgt9yu67p,26302,2,2,1,1,13,2,0,0
830,CleanUP_base,2,44183,kgt9yu67p,24412,1,4,1,0,11,2,0,0
829,CleanUP_base,2,44183,kgt9yu67p,23755,1,3,0,0,11,2,1,0
828,CleanUP_base,2,44183,kgt9yu67p,23446,2,3,1,0,10,2,0,0
827,CleanUP_base,2,44183,kgt9yu67p,23109,2,2,1,0,10,2,0,0
826,CleanUP_base,2,44183,kgt9yu67p,22666,1,2,0,0,10,2,1,0
825,CleanUP_base,2,44183,kgt9yu67p,21804,1,3,0,0,9,2,0,0
824,CleanUP_base,2,44183,kgt9yu67p,21468,1,4,0,0,9,2,1,0
961,CleanUP_base,2,44183,kgt9yu67p,42642,2,6,0,2,25,2,1,0
848,CleanUP_base,2,44183,kgt9yu67p,27677,1,7,1,0,14,2,0,0
856,CleanUP_base,2,44183,kgt9yu67p,29306,1,9,1,1,16,2,1,0
855,CleanUP_base,2,44183,kgt9yu67p,29078,1,8,2,1,15,2,0,0
854,CleanUP_base,2,44183,kgt9yu67p,28855,1,7,1,0,15,2,0,0
853,CleanUP_base,2,44183,aq1u88sd5,28738,13,3,1,0,0,14,0,1
852,CleanUP_base,2,44183,kgt9yu67p,28637,1,6,1,1,15,2,0,0
851,CleanUP_base,2,44183,aq1u88sd5,28468,13,4,1,1,0,13,0,0
850,CleanUP_base,2,44183,kgt9yu67p,28149,1,5,1,1,15,2,1,0
849,CleanUP_base,2,44183,kgt9yu67p,27929,1,6,1,0,14,2,0,0
857,CleanUP_base,2,44183,aq1u88sd5,29621,13,2,1,1,0,14,0,0
847,CleanUP_base,2,44183,aq1u88sd5,27588,12,4,1,0,0,13,0,1
846,CleanUP_base,2,44183,kgt9yu67p,27411,2,7,1,1,14,2,0,0
845,CleanUP_base,2,44183,kgt9yu67p,27170,2,6,1,1,14,2,1,0
844,CleanUP_base,2,44183,kgt9yu67p,26945,2,5,1,0,13,2,0,0
843,CleanUP_base,2,44183,kgt9yu67p,26763,2,4,1,0,13,2,0,0
842,CleanUP_base,2,44183,aq1u88sd5,26754,12,5,1,0,0,12,0,1
841,CleanUP_base,2,44183,kgt9yu67p,26524,2,3,1,1,13,2,0,0
935,CleanUP_base,2,44183,aq1u88sd5,39570,12,7,2,1,0,22,0,0
943,CleanUP_base,2,44183,aq1u88sd5,40348,12,3,2,2,0,22,0,0
942,CleanUP_base,2,44183,kgt9yu67p,40341,0,4,2,2,23,2,0,0
941,CleanUP_base,2,44183,aq1u88sd5,40156,12,4,2,2,0,22,0,0
940,CleanUP_base,2,44183,kgt9yu67p,40111,0,5,2,2,23,2,0,0
939,CleanUP_base,2,44183,aq1u88sd5,39963,12,5,1,1,0,22,0,0
938,CleanUP_base,2,44183,kgt9yu67p,39847,0,6,1,1,23,2,1,0
937,CleanUP_base,2,44183,aq1u88sd5,39825,12,6,2,1,0,22,0,0
936,CleanUP_base,2,44183,kgt9yu67p,39608,1,6,2,1,22,2,0,0
944,CleanUP_base,2,44183,kgt9yu67p,40554,0,3,2,2,23,2,0,0
934,CleanUP_base,2,44183,aq1u88sd5,39299,12,8,2,1,0,22,0,1
933,CleanUP_base,2,44183,kgt9yu67p,39260,2,6,2,2,22,2,0,0
932,CleanUP_base,2,44183,kgt9yu67p,39030,2,7,1,1,22,2,0,0
931,CleanUP_base,2,44183,kgt9yu67p,38839,2,8,1,1,22,2,1,0
930,CleanUP_base,2,44183,aq1u88sd5,38815,13,8,2,1,0,21,0,0
929,CleanUP_base,2,44183,aq1u88sd5,38637,13,7,2,1,0,21,0,0
928,CleanUP_base,2,44183,kgt9yu67p,38498,2,9,2,1,21,2,0,0
927,CleanUP_base,2,44183,aq1u88sd5,38326,13,6,2,1,0,21,0,1
952,CleanUP_base,2,44183,aq1u88sd5,41637,14,5,1,2,0,23,0,0
684,CleanUP_base,2,44183,aq1u88sd5,1081,6,4,1,1,0,0,0,0
960,CleanUP_base,2,44183,aq1u88sd5,42593,13,5,1,2,0,24,0,1
958,CleanUP_base,2,44183,aq1u88sd5,42402,13,6,1,3,0,23,0,0
957,CleanUP_base,2,44183,kgt9yu67p,42376,3,6,1,3,24,2,0,0
956,CleanUP_base,2,44183,kgt9yu67p,42147,3,5,1,3,24,2,0,0
955,CleanUP_base,2,44183,kgt9yu67p,41966,3,4,1,2,24,2,0,0
954,CleanUP_base,2,44183,aq1u88sd5,41855,14,6,1,2,0,23,0,0
953,CleanUP_base,2,44183,kgt9yu67p,41698,3,3,1,2,24,2,0,0
926,CleanUP_base,2,44183,kgt9yu67p,38210,1,9,2,2,21,2,0,0
951,CleanUP_base,2,44183,kgt9yu67p,41548,3,2,1,2,24,2,0,0
950,CleanUP_base,2,44183,kgt9yu67p,41329,2,2,1,2,24,2,1,0
949,CleanUP_base,2,44183,aq1u88sd5,41326,14,4,2,2,0,23,0,0
948,CleanUP_base,2,44183,kgt9yu67p,41112,1,2,2,2,23,2,0,0
947,CleanUP_base,2,44183,aq1u88sd5,40944,14,3,2,1,0,23,0,1
946,CleanUP_base,2,44183,kgt9yu67p,40765,0,2,2,2,23,2,0,0
945,CleanUP_base,2,44183,aq1u88sd5,40680,13,3,2,2,0,22,0,0
900,CleanUP_base,2,44183,kgt9yu67p,35193,2,1,3,2,19,2,0,0
908,CleanUP_base,2,44183,aq1u88sd5,35965,14,4,3,2,0,18,0,0
907,CleanUP_base,2,44183,kgt9yu67p,35899,1,3,3,2,19,2,0,0
906,CleanUP_base,2,44183,aq1u88sd5,35788,14,5,3,2,0,18,0,0
905,CleanUP_base,2,44183,kgt9yu67p,35666,1,2,3,2,19,2,0,0
904,CleanUP_base,2,44183,aq1u88sd5,35625,14,6,3,2,0,18,0,0
903,CleanUP_base,2,44183,kgt9yu67p,35457,1,1,3,2,19,2,0,0
902,CleanUP_base,2,44183,aq1u88sd5,35444,14,7,3,2,0,18,0,0
901,CleanUP_base,2,44183,aq1u88sd5,35275,14,8,3,2,0,18,0,0
909,CleanUP_base,2,44183,kgt9yu67p,36108,1,4,3,3,19,2,0,0
899,CleanUP_base,2,44183,aq1u88sd5,35033,14,9,2,1,0,18,0,1
898,CleanUP_base,2,44183,kgt9yu67p,34941,2,2,2,2,19,2,1,0
897,CleanUP_base,2,44183,aq1u88sd5,34855,14,8,3,2,0,17,0,0
896,CleanUP_base,2,44183,kgt9yu67p,34746,2,3,3,2,18,2,0,0
895,CleanUP_base,2,44183,aq1u88sd5,34665,14,7,3,2,0,17,0,0
894,CleanUP_base,2,44183,kgt9yu67p,34595,1,3,3,2,18,2,0,0
893,CleanUP_base,2,44183,aq1u88sd5,34497,14,6,3,2,0,17,0,0
917,CleanUP_base,2,44183,aq1u88sd5,36860,13,0,2,2,0,19,0,0
925,CleanUP_base,2,44183,aq1u88sd5,38162,13,5,2,2,0,20,0,0
924,CleanUP_base,2,44183,aq1u88sd5,37994,13,4,1,2,0,20,0,0
923,CleanUP_base,2,44183,aq1u88sd5,37818,13,3,1,2,0,20,0,0
922,CleanUP_base,2,44183,kgt9yu67p,37767,0,9,1,2,21,2,1,0
921,CleanUP_base,2,44183,aq1u88sd5,37636,13,2,2,2,0,20,0,0
920,CleanUP_base,2,44183,kgt9yu67p,37522,0,8,2,2,20,2,0,0
919,CleanUP_base,2,44183,aq1u88sd5,37342,13,1,2,2,0,20,0,1
918,CleanUP_base,2,44183,kgt9yu67p,37067,0,7,2,3,20,2,0,0
892,CleanUP_base,2,44183,kgt9yu67p,34337,1,2,3,2,18,2,0,0
916,CleanUP_base,2,44183,kgt9yu67p,36771,0,6,2,2,20,2,0,0
915,CleanUP_base,2,44183,aq1u88sd5,36658,14,0,2,2,0,19,0,0
914,CleanUP_base,2,44183,aq1u88sd5,36513,14,1,2,2,0,19,0,1
913,CleanUP_base,2,44183,kgt9yu67p,36488,0,5,2,3,20,2,1,0
912,CleanUP_base,2,44183,kgt9yu67p,36400,1,5,3,3,19,2,0,0
911,CleanUP_base,2,44183,aq1u88sd5,36309,14,2,3,3,0,18,0,0
910,CleanUP_base,2,44183,aq1u88sd5,36146,14,3,3,3,0,18,0,0
727,CleanUP_base,2,44183,aq1u88sd5,7164,14,5,0,3,0,3,0,1
735,CleanUP_base,2,44183,kgt9yu67p,8146,6,3,0,4,2,0,0,0
734,CleanUP_base,2,44183,aq1u88sd5,8084,14,8,0,4,0,3,0,0
733,CleanUP_base,2,44183,kgt9yu67p,7913,5,3,0,3,2,0,0,0
732,CleanUP_base,2,44183,aq1u88sd5,7888,14,7,0,3,0,3,0,0
731,CleanUP_base,2,44183,kgt9yu67p,7706,4,3,0,3,2,0,0,0
730,CleanUP_base,2,44183,aq1u88sd5,7675,14,6,0,3,0,3,0,0
729,CleanUP_base,2,44183,kgt9yu67p,7470,3,3,0,3,2,0,0,0
728,CleanUP_base,2,44183,kgt9yu67p,7311,2,3,0,3,2,0,0,0
736,CleanUP_base,2,44183,aq1u88sd5,8261,14,9,0,3,0,4,0,1
726,CleanUP_base,2,44183,kgt9yu67p,7038,2,4,0,4,2,0,0,0
725,CleanUP_base,2,44183,aq1u88sd5,6910,13,5,0,3,0,2,0,0
724,CleanUP_base,2,44183,kgt9yu67p,6737,2,5,0,3,2,0,0,0
723,CleanUP_base,2,44183,aq1u88sd5,6710,13,6,0,3,0,2,0,0
722,CleanUP_base,2,44183,aq1u88sd5,6540,13,7,0,3,0,2,0,0
721,CleanUP_base,2,44183,kgt9yu67p,6498,1,5,0,3,2,0,0,0
720,CleanUP_base,2,44183,aq1u88sd5,6271,13,8,0,3,0,2,0,0
719,CleanUP_base,2,44183,kgt9yu67p,6200,1,4,0,3,2,0,0,0
744,CleanUP_base,2,44183,aq1u88sd5,9219,14,5,0,3,0,4,0,0
752,CleanUP_base,2,44183,aq1u88sd5,10275,14,0,0,2,0,6,0,1
751,CleanUP_base,2,44183,aq1u88sd5,10066,14,1,0,3,0,5,0,1
750,CleanUP_base,2,44183,aq1u88sd5,9883,14,2,0,3,0,4,0,0
749,CleanUP_base,2,44183,kgt9yu67p,9832,12,2,0,3,2,0,0,0
748,CleanUP_base,2,44183,aq1u88sd5,9681,14,3,0,3,0,4,0,0
747,CleanUP_base,2,44183,kgt9yu67p,9558,11,2,0,3,2,0,0,0
746,CleanUP_base,2,44183,aq1u88sd5,9399,14,4,0,3,0,4,0,0
745,CleanUP_base,2,44183,kgt9yu67p,9321,10,2,0,3,2,0,0,0
718,CleanUP_base,2,44183,aq1u88sd5,5988,13,9,0,2,0,2,0,1
743,CleanUP_base,2,44183,kgt9yu67p,9074,9,2,0,3,2,0,0,0
742,CleanUP_base,2,44183,aq1u88sd5,9040,14,6,0,3,0,4,0,0
741,CleanUP_base,2,44183,aq1u88sd5,8861,14,7,0,3,0,4,0,0
740,CleanUP_base,2,44183,kgt9yu67p,8856,8,2,0,3,2,0,0,0
739,CleanUP_base,2,44183,aq1u88sd5,8673,14,8,0,3,0,4,0,0
738,CleanUP_base,2,44183,kgt9yu67p,8638,8,3,0,3,2,0,0,0
737,CleanUP_base,2,44183,kgt9yu67p,8389,7,3,0,3,2,0,0,0
691,CleanUP_base,2,44183,aq1u88sd5,2385,4,4,1,2,0,0,0,0
700,CleanUP_base,2,44183,aq1u88sd5,3650,8,4,0,2,0,0,0,0
699,CleanUP_base,2,44183,kgt9yu67p,3592,0,8,0,2,2,0,1,0
698,CleanUP_base,2,44183,kgt9yu67p,3307,0,7,1,2,1,0,0,0
697,CleanUP_base,2,44183,aq1u88sd5,3279,7,4,1,2,0,0,0,0
695,CleanUP_base,2,44183,aq1u88sd5,3086,6,4,1,2,0,0,0,0
694,CleanUP_base,2,44183,kgt9yu67p,2993,2,7,1,2,1,0,0,0
693,CleanUP_base,2,44183,aq1u88sd5,2852,5,4,1,2,0,0,0,0
692,CleanUP_base,2,44183,kgt9yu67p,2762,2,6,1,2,1,0,0,0
701,CleanUP_base,2,44183,aq1u88sd5,3865,9,4,0,2,0,0,0,0
690,CleanUP_base,2,44183,kgt9yu67p,2298,2,5,1,2,1,0,1,0
689,CleanUP_base,2,44183,kgt9yu67p,2048,3,5,2,2,0,0,0,0
688,CleanUP_base,2,44183,aq1u88sd5,1820,5,4,1,1,0,0,0,0
687,CleanUP_base,2,44183,kgt9yu67p,1817,4,5,1,1,0,0,0,0
686,CleanUP_base,2,44183,kgt9yu67p,1605,5,5,1,1,0,0,0,0
685,CleanUP_base,2,44183,kgt9yu67p,1355,6,5,1,1,0,0,0,0
696,CleanUP_base,2,44183,kgt9yu67p,3092,1,7,1,2,1,0,0,0
709,CleanUP_base,2,44183,aq1u88sd5,4658,12,5,0,3,0,0,0,0
717,CleanUP_base,2,44183,kgt9yu67p,5803,1,3,0,3,2,0,0,0
716,CleanUP_base,2,44183,aq1u88sd5,5682,13,8,0,3,0,1,0,0
715,CleanUP_base,2,44183,kgt9yu67p,5310,2,3,0,3,2,0,0,0
714,CleanUP_base,2,44183,aq1u88sd5,5273,12,8,0,3,0,1,0,0
713,CleanUP_base,2,44183,kgt9yu67p,5016,2,4,0,3,2,0,0,0
712,CleanUP_base,2,44183,aq1u88sd5,5006,12,7,0,3,0,1,0,1
711,CleanUP_base,2,44183,aq1u88sd5,4834,12,6,0,3,0,0,0,0
710,CleanUP_base,2,44183,kgt9yu67p,4764,2,5,0,3,2,0,0,0
753,CleanUP_base,2,44183,kgt9yu67p,10303,13,2,0,2,2,0,0,0
708,CleanUP_base,2,44183,kgt9yu67p,4559,2,6,0,3,2,0,0,0
707,CleanUP_base,2,44183,aq1u88sd5,4351,12,4,0,3,0,0,0,0
706,CleanUP_base,2,44183,kgt9yu67p,4325,2,7,0,3,2,0,0,0
705,CleanUP_base,2,44183,aq1u88sd5,4202,11,4,0,3,0,0,0,0
704,CleanUP_base,2,44183,kgt9yu67p,4144,2,8,0,3,2,0,0,0
703,CleanUP_base,2,44183,aq1u88sd5,4010,10,4,0,3,0,0,0,0
702,CleanUP_base,2,44183,kgt9yu67p,3914,1,8,0,2,2,0,0,0
796,CleanUP_base,2,44183,kgt9yu67p,16710,1,2,1,1,5,2,0,0
804,CleanUP_base,2,44183,kgt9yu67p,17845,2,1,0,1,6,2,0,0
803,CleanUP_base,2,44183,kgt9yu67p,17606,2,0,0,1,6,2,0,0
802,CleanUP_base,2,44183,aq1u88sd5,17464,12,1,0,1,0,10,0,1
801,CleanUP_base,2,44183,aq1u88sd5,17182,13,1,0,2,0,9,0,0
800,CleanUP_base,2,44183,kgt9yu67p,17170,1,0,0,2,6,2,1,0
799,CleanUP_base,2,44183,aq1u88sd5,17009,13,2,1,1,0,9,0,0
798,CleanUP_base,2,44183,kgt9yu67p,16949,1,1,1,1,5,2,0,0
797,CleanUP_base,2,44183,aq1u88sd5,16814,13,3,1,1,0,9,0,0
805,CleanUP_base,2,44183,aq1u88sd5,17997,12,0,0,1,0,10,0,0
795,CleanUP_base,2,44183,aq1u88sd5,16590,13,4,1,1,0,9,0,1
794,CleanUP_base,2,44183,kgt9yu67p,16414,1,3,1,2,5,2,1,0
793,CleanUP_base,2,44183,kgt9yu67p,16149,0,3,2,2,4,2,0,0
792,CleanUP_base,2,44183,aq1u88sd5,16147,13,5,2,2,0,8,0,0
791,CleanUP_base,2,44183,aq1u88sd5,15957,12,5,2,1,0,8,0,0
790,CleanUP_base,2,44183,kgt9yu67p,15919,0,4,2,1,4,2,0,0
789,CleanUP_base,2,44183,aq1u88sd5,15764,12,4,2,1,0,8,0,0
788,CleanUP_base,2,44183,kgt9yu67p,15702,0,5,2,1,4,2,1,0
813,CleanUP_base,2,44183,aq1u88sd5,19175,13,2,1,0,0,11,0,0
821,CleanUP_base,2,44183,kgt9yu67p,20640,1,7,1,0,7,2,0,0
820,CleanUP_base,2,44183,kgt9yu67p,20419,1,8,1,0,7,2,0,0
819,CleanUP_base,2,44183,kgt9yu67p,20137,1,9,1,0,7,2,0,0
818,CleanUP_base,2,44183,kgt9yu67p,19820,2,9,0,0,7,2,0,0
817,CleanUP_base,2,44183,kgt9yu67p,19575,2,8,0,0,7,2,0,0
816,CleanUP_base,2,44183,aq1u88sd5,19561,13,4,0,0,0,11,0,0
815,CleanUP_base,2,44183,aq1u88sd5,19368,13,3,0,0,0,11,0,0
814,CleanUP_base,2,44183,kgt9yu67p,19332,2,7,0,0,7,2,1,0
787,CleanUP_base,2,44183,aq1u88sd5,15576,12,3,3,1,0,8,0,0
812,CleanUP_base,2,44183,kgt9yu67p,19083,2,6,1,0,6,2,0,0
811,CleanUP_base,2,44183,aq1u88sd5,18967,13,1,0,0,0,11,0,0
810,CleanUP_base,2,44183,kgt9yu67p,18836,2,5,0,0,6,2,0,0
809,CleanUP_base,2,44183,kgt9yu67p,18577,2,4,0,0,6,2,0,0
808,CleanUP_base,2,44183,kgt9yu67p,18335,2,3,0,0,6,2,0,0
807,CleanUP_base,2,44183,aq1u88sd5,18294,13,0,0,0,0,11,0,1
806,CleanUP_base,2,44183,kgt9yu67p,18097,2,2,0,1,6,2,0,0
761,CleanUP_base,2,44183,kgt9yu67p,11671,11,3,0,0,2,2,0,0
769,CleanUP_base,2,44183,kgt9yu67p,12773,6,3,1,0,2,2,0,0
768,CleanUP_base,2,44183,kgt9yu67p,12563,7,3,1,0,2,2,0,0
767,CleanUP_base,2,44183,aq1u88sd5,12473,12,4,1,0,0,6,0,0
766,CleanUP_base,2,44183,kgt9yu67p,12338,8,3,1,0,2,2,0,0
765,CleanUP_base,2,44183,aq1u88sd5,12186,13,4,1,0,0,6,0,0
764,CleanUP_base,2,44183,kgt9yu67p,12114,9,3,1,0,2,2,0,0
763,CleanUP_base,2,44183,aq1u88sd5,11916,14,4,0,0,0,6,0,0
762,CleanUP_base,2,44183,kgt9yu67p,11910,10,3,0,0,2,2,0,0
770,CleanUP_base,2,44183,kgt9yu67p,13008,5,3,1,0,2,2,0,0
760,CleanUP_base,2,44183,aq1u88sd5,11463,14,3,0,0,0,6,0,0
759,CleanUP_base,2,44183,kgt9yu67p,11344,12,3,0,0,2,2,0,1
758,CleanUP_base,2,44183,kgt9yu67p,11134,12,4,0,1,2,1,0,0
757,CleanUP_base,2,44183,aq1u88sd5,11132,14,2,0,1,0,6,0,0
756,CleanUP_base,2,44183,aq1u88sd5,10881,14,1,0,1,0,6,0,0
755,CleanUP_base,2,44183,kgt9yu67p,10858,13,4,0,1,2,1,0,1
754,CleanUP_base,2,44183,kgt9yu67p,10553,13,3,0,2,2,0,0,0
778,CleanUP_base,2,44183,kgt9yu67p,13994,2,4,2,0,2,2,0,0
786,CleanUP_base,2,44183,kgt9yu67p,15479,0,6,3,1,3,2,0,0
785,CleanUP_base,2,44183,aq1u88sd5,15397,12,2,3,1,0,8,0,0
784,CleanUP_base,2,44183,kgt9yu67p,15113,0,7,3,1,3,2,0,0
783,CleanUP_base,2,44183,kgt9yu67p,14900,1,7,2,0,3,2,0,0
782,CleanUP_base,2,44183,aq1u88sd5,14719,12,1,2,0,0,8,0,1
781,CleanUP_base,2,44183,kgt9yu67p,14615,2,7,2,1,3,2,1,0
780,CleanUP_base,2,44183,kgt9yu67p,14410,2,6,3,1,2,2,0,0
779,CleanUP_base,2,44183,kgt9yu67p,14199,2,5,3,1,2,2,0,0
822,CleanUP_base,2,44183,kgt9yu67p,20895,1,6,1,0,7,2,0,0
777,CleanUP_base,2,44183,aq1u88sd5,13924,13,1,2,0,0,7,0,1
776,CleanUP_base,2,44183,kgt9yu67p,13722,2,3,2,1,2,2,0,0
775,CleanUP_base,2,44183,aq1u88sd5,13698,12,1,2,1,0,6,0,0
774,CleanUP_base,2,44183,kgt9yu67p,13507,3,3,2,1,2,2,0,0
773,CleanUP_base,2,44183,aq1u88sd5,13469,12,2,2,1,0,6,0,0
772,CleanUP_base,2,44183,aq1u88sd5,13274,12,3,2,1,0,6,0,0
771,CleanUP_base,2,44183,kgt9yu67p,13264,4,3,2,1,2,2,0,0
1233,CleanUP_base,2,44183,aq1u88sd5,68695,2,4,0,1,6,30,0,0
1248,CleanUP_base,2,44183,kgt9yu67p,70270,12,5,2,1,28,16,0,0
1247,CleanUP_base,2,44183,aq1u88sd5,70175,1,4,2,1,6,30,0,0
1245,CleanUP_base,2,44183,kgt9yu67p,70037,12,6,1,0,28,16,0,0
1243,CleanUP_base,2,44183,kgt9yu67p,69805,12,7,1,0,28,16,0,0
1241,CleanUP_base,2,44183,aq1u88sd5,69665,1,3,1,0,6,30,0,0
1239,CleanUP_base,2,44183,kgt9yu67p,69335,12,8,1,0,28,16,0,0
1237,CleanUP_base,2,44183,kgt9yu67p,68980,13,8,0,0,28,16,0,1
1235,CleanUP_base,2,44183,aq1u88sd5,68938,2,3,0,1,6,30,0,0
1250,CleanUP_base,2,44183,aq1u88sd5,70419,0,4,2,1,6,30,0,0
1232,CleanUP_base,2,44183,kgt9yu67p,68671,13,7,0,1,28,15,0,0
1230,CleanUP_base,2,44183,kgt9yu67p,68282,14,7,0,1,28,15,0,1
1228,CleanUP_base,2,44183,kgt9yu67p,68039,14,6,0,1,28,14,0,0
1226,CleanUP_base,2,44183,kgt9yu67p,67758,14,5,0,1,28,14,0,1
1224,CleanUP_base,2,44183,kgt9yu67p,67530,13,5,0,2,28,13,0,1
1222,CleanUP_base,2,44183,kgt9yu67p,67321,13,4,0,3,28,12,0,0
1220,CleanUP_base,2,44183,kgt9yu67p,67106,13,3,0,3,28,12,0,0
1218,CleanUP_base,2,44183,kgt9yu67p,66885,13,2,0,2,28,12,0,0
1264,CleanUP_base,2,44183,kgt9yu67p,71651,14,6,2,1,28,17,0,0
1277,CleanUP_base,2,44183,kgt9yu67p,72743,12,6,1,0,28,18,0,0
1275,CleanUP_base,2,44183,aq1u88sd5,72517,2,9,1,0,9,30,0,0
1274,CleanUP_base,2,44183,kgt9yu67p,72442,12,5,1,0,28,18,0,1
1272,CleanUP_base,2,44183,aq1u88sd5,72297,1,9,1,1,9,30,1,0
1270,CleanUP_base,2,44183,kgt9yu67p,72159,13,5,2,1,28,17,0,0
1268,CleanUP_base,2,44183,aq1u88sd5,71870,0,9,1,1,8,30,1,0
1267,CleanUP_base,2,44183,kgt9yu67p,71869,13,6,2,1,28,17,0,0
1265,CleanUP_base,2,44183,aq1u88sd5,71686,0,8,2,1,7,30,0,0
1216,CleanUP_base,2,44183,kgt9yu67p,66652,13,1,0,2,28,12,0,0
1262,CleanUP_base,2,44183,aq1u88sd5,71507,0,7,2,1,7,30,0,0
1261,CleanUP_base,2,44183,kgt9yu67p,71435,14,5,2,1,28,17,0,0
1259,CleanUP_base,2,44183,aq1u88sd5,71324,0,6,2,1,7,30,1,0
1257,CleanUP_base,2,44183,aq1u88sd5,71123,0,5,3,1,6,30,0,0
1255,CleanUP_base,2,44183,kgt9yu67p,70915,14,4,2,0,28,17,0,1
1253,CleanUP_base,2,44183,kgt9yu67p,70719,13,4,2,1,28,16,0,0
1251,CleanUP_base,2,44183,kgt9yu67p,70475,12,4,2,1,28,16,0,0
1172,CleanUP_base,2,44183,kgt9yu67p,62029,13,3,0,1,28,8,0,0
1188,CleanUP_base,2,44183,kgt9yu67p,63678,14,8,0,2,28,9,0,0
1185,CleanUP_base,2,44183,kgt9yu67p,63315,14,9,0,2,28,9,0,1
1184,CleanUP_base,2,44183,kgt9yu67p,63139,13,9,0,3,28,8,0,0
1182,CleanUP_base,2,44183,kgt9yu67p,62930,13,8,0,2,28,8,0,0
1180,CleanUP_base,2,44183,kgt9yu67p,62735,13,7,0,2,28,8,0,0
1178,CleanUP_base,2,44183,kgt9yu67p,62534,13,6,0,2,28,8,0,0
1176,CleanUP_base,2,44183,kgt9yu67p,62338,13,5,0,2,28,8,0,0
1174,CleanUP_base,2,44183,kgt9yu67p,62158,13,4,0,2,28,8,0,0
1190,CleanUP_base,2,44183,kgt9yu67p,63868,14,7,0,2,28,9,0,0
1170,CleanUP_base,2,44183,kgt9yu67p,61754,13,2,0,1,28,8,0,0
1168,CleanUP_base,2,44183,kgt9yu67p,61517,13,1,0,1,28,8,0,0
1167,CleanUP_base,2,44183,aq1u88sd5,61363,0,3,0,1,5,30,1,0
1166,CleanUP_base,2,44183,kgt9yu67p,61312,13,0,1,1,28,8,0,1
1165,CleanUP_base,2,44183,aq1u88sd5,61093,1,3,1,2,4,30,0,0
1164,CleanUP_base,2,44183,kgt9yu67p,61077,12,0,1,2,28,7,0,0
1163,CleanUP_base,2,44183,kgt9yu67p,60855,12,1,1,2,28,7,0,0
1203,CleanUP_base,2,44183,aq1u88sd5,65444,0,3,1,2,5,30,0,0
1214,CleanUP_base,2,44183,aq1u88sd5,66429,2,5,0,2,6,30,1,0
1212,CleanUP_base,2,44183,kgt9yu67p,66251,13,0,1,2,28,12,0,1
1211,CleanUP_base,2,44183,aq1u88sd5,66198,1,5,1,3,5,30,0,0
1210,CleanUP_base,2,44183,kgt9yu67p,66003,12,0,1,2,28,11,0,0
1209,CleanUP_base,2,44183,aq1u88sd5,65856,0,5,1,2,5,30,0,0
1207,CleanUP_base,2,44183,kgt9yu67p,65769,12,1,1,2,28,11,0,0
1205,CleanUP_base,2,44183,aq1u88sd5,65647,0,4,1,2,5,30,0,0
1204,CleanUP_base,2,44183,kgt9yu67p,65536,12,2,1,2,28,11,0,0
1278,CleanUP_base,2,44183,aq1u88sd5,72824,2,8,1,0,9,30,0,0
1202,CleanUP_base,2,44183,kgt9yu67p,65262,12,3,1,2,28,11,0,1
1200,CleanUP_base,2,44183,kgt9yu67p,65046,13,3,1,2,28,10,0,0
1199,CleanUP_base,2,44183,aq1u88sd5,65023,0,2,1,2,5,30,0,0
1196,CleanUP_base,2,44183,kgt9yu67p,64624,14,3,1,2,28,10,0,1
1194,CleanUP_base,2,44183,kgt9yu67p,64426,14,4,1,3,28,9,0,0
1193,CleanUP_base,2,44183,kgt9yu67p,64255,14,5,1,3,28,9,0,0
1192,CleanUP_base,2,44183,kgt9yu67p,64070,14,6,1,3,28,9,0,0
1347,CleanUP_base,2,44183,aq1u88sd5,78238,1,3,1,1,12,30,0,0
1362,CleanUP_base,2,44183,kgt9yu67p,79847,14,7,1,1,28,20,0,0
1361,CleanUP_base,2,44183,aq1u88sd5,79675,1,3,1,1,13,30,0,0
1359,CleanUP_base,2,44183,kgt9yu67p,79555,13,7,1,1,28,20,0,0
1357,CleanUP_base,2,44183,kgt9yu67p,79366,13,8,1,1,28,20,0,0
1354,CleanUP_base,2,44183,aq1u88sd5,78760,2,3,0,0,13,30,1,0
1353,CleanUP_base,2,44183,kgt9yu67p,78696,13,9,1,0,28,20,0,1
1351,CleanUP_base,2,44183,kgt9yu67p,78556,13,8,1,1,28,19,0,0
1349,CleanUP_base,2,44183,kgt9yu67p,78411,13,7,1,1,28,19,0,0
1364,CleanUP_base,2,44183,aq1u88sd5,80027,1,4,1,1,13,30,0,0
1346,CleanUP_base,2,44183,kgt9yu67p,78224,13,6,1,1,28,19,0,0
1344,CleanUP_base,2,44183,kgt9yu67p,78052,13,5,1,1,28,19,0,0
1343,CleanUP_base,2,44183,aq1u88sd5,78037,1,2,1,1,12,30,0,0
1342,CleanUP_base,2,44183,kgt9yu67p,77872,13,4,1,1,28,19,0,0
1340,CleanUP_base,2,44183,aq1u88sd5,77778,1,1,1,1,12,30,0,0
1339,CleanUP_base,2,44183,kgt9yu67p,77675,13,3,1,1,28,19,0,0
1337,CleanUP_base,2,44183,kgt9yu67p,77455,13,2,1,1,28,19,0,0
1335,CleanUP_base,2,44183,aq1u88sd5,77421,0,1,1,1,12,30,1,0
1376,CleanUP_base,2,44183,aq1u88sd5,81087,0,8,2,1,14,30,1,0
1390,CleanUP_base,2,44183,kgt9yu67p,82232,13,5,2,2,28,21,0,0
1388,CleanUP_base,2,44183,aq1u88sd5,82164,1,7,2,2,14,30,0,0
1387,CleanUP_base,2,44183,kgt9yu67p,82021,13,6,2,1,28,21,0,0
1385,CleanUP_base,2,44183,aq1u88sd5,81969,1,8,2,1,14,30,0,0
1384,CleanUP_base,2,44183,aq1u88sd5,81866,0,8,2,1,14,30,0,0
1383,CleanUP_base,2,44183,kgt9yu67p,81838,13,7,2,1,28,21,0,0
1380,CleanUP_base,2,44183,kgt9yu67p,81566,13,8,2,1,28,21,0,0
1378,CleanUP_base,2,44183,aq1u88sd5,81354,0,7,2,1,14,30,0,0
1334,CleanUP_base,2,44183,kgt9yu67p,77251,13,1,2,1,28,19,0,0
1375,CleanUP_base,2,44183,kgt9yu67p,81067,13,9,2,0,28,21,0,0
1373,CleanUP_base,2,44183,aq1u88sd5,80829,1,8,2,0,13,30,0,0
1371,CleanUP_base,2,44183,aq1u88sd5,80625,1,7,2,0,13,30,0,0
1369,CleanUP_base,2,44183,aq1u88sd5,80437,1,6,2,0,13,30,0,0
1368,CleanUP_base,2,44183,kgt9yu67p,80317,14,9,2,0,28,21,0,1
1366,CleanUP_base,2,44183,aq1u88sd5,80227,1,5,2,1,13,30,0,0
1365,CleanUP_base,2,44183,kgt9yu67p,80146,14,8,2,1,28,20,0,0
1292,CleanUP_base,2,44183,kgt9yu67p,73905,12,4,1,0,28,18,0,0
1306,CleanUP_base,2,44183,aq1u88sd5,75177,1,8,1,1,11,30,0,0
1304,CleanUP_base,2,44183,kgt9yu67p,74972,12,7,0,0,28,18,0,0
1302,CleanUP_base,2,44183,kgt9yu67p,74741,12,6,0,0,28,18,0,0
1301,CleanUP_base,2,44183,aq1u88sd5,74674,1,9,0,0,11,30,0,0
1299,CleanUP_base,2,44183,kgt9yu67p,74517,12,5,0,0,28,18,0,0
1297,CleanUP_base,2,44183,aq1u88sd5,74419,1,8,0,0,11,30,1,0
1295,CleanUP_base,2,44183,aq1u88sd5,74239,1,7,1,0,10,30,0,0
1293,CleanUP_base,2,44183,aq1u88sd5,73990,1,6,1,0,10,30,0,0
1307,CleanUP_base,2,44183,kgt9yu67p,75225,12,8,1,1,28,18,0,0
1290,CleanUP_base,2,44183,aq1u88sd5,73731,1,5,1,0,10,30,1,0
1289,CleanUP_base,2,44183,kgt9yu67p,73671,12,5,2,0,28,18,0,0
1287,CleanUP_base,2,44183,aq1u88sd5,73474,2,5,2,0,9,30,0,0
1285,CleanUP_base,2,44183,kgt9yu67p,73414,12,6,2,0,28,18,0,0
1284,CleanUP_base,2,44183,aq1u88sd5,73270,2,6,2,0,9,30,0,0
1282,CleanUP_base,2,44183,aq1u88sd5,73079,2,7,2,0,9,30,0,0
1281,CleanUP_base,2,44183,kgt9yu67p,73059,12,7,1,0,28,18,0,0
1320,CleanUP_base,2,44183,kgt9yu67p,76180,12,4,1,1,28,18,0,0
1331,CleanUP_base,2,44183,aq1u88sd5,76987,0,0,1,0,11,30,0,0
1330,CleanUP_base,2,44183,aq1u88sd5,76783,1,0,1,0,11,30,0,0
1328,CleanUP_base,2,44183,kgt9yu67p,76742,12,1,1,0,28,19,0,1
1327,CleanUP_base,2,44183,aq1u88sd5,76578,1,1,1,1,11,30,0,0
1325,CleanUP_base,2,44183,kgt9yu67p,76543,12,2,1,1,28,18,0,0
1324,CleanUP_base,2,44183,aq1u88sd5,76401,1,2,1,1,11,30,0,0
1322,CleanUP_base,2,44183,kgt9yu67p,76352,12,3,1,1,28,18,0,0
1321,CleanUP_base,2,44183,aq1u88sd5,76184,1,3,1,1,11,30,0,0
1162,CleanUP_base,2,44183,aq1u88sd5,60842,2,3,1,2,4,30,0,0
1318,CleanUP_base,2,44183,aq1u88sd5,75979,1,4,1,1,11,30,0,0
1317,CleanUP_base,2,44183,kgt9yu67p,75978,12,5,1,1,28,18,0,0
1315,CleanUP_base,2,44183,aq1u88sd5,75797,1,5,1,1,11,30,0,0
1314,CleanUP_base,2,44183,kgt9yu67p,75778,12,6,1,1,28,18,0,0
1312,CleanUP_base,2,44183,kgt9yu67p,75617,12,7,1,1,28,18,0,0
1311,CleanUP_base,2,44183,aq1u88sd5,75607,1,6,1,1,11,30,0,0
1309,CleanUP_base,2,44183,aq1u88sd5,75404,1,7,1,1,11,30,0,0
1024,CleanUP_base,2,44183,kgt9yu67p,48356,2,7,1,3,26,2,0,0
1035,CleanUP_base,2,44183,kgt9yu67p,49394,2,4,2,2,26,2,0,0
1034,CleanUP_base,2,44183,aq1u88sd5,49270,14,6,2,2,0,27,0,0
1033,CleanUP_base,2,44183,kgt9yu67p,49188,2,5,2,2,26,2,0,0
1031,CleanUP_base,2,44183,kgt9yu67p,48988,2,6,1,2,26,2,0,0
1029,CleanUP_base,2,44183,kgt9yu67p,48773,2,7,1,2,26,2,0,0
1028,CleanUP_base,2,44183,aq1u88sd5,48656,14,5,1,2,0,27,0,1
1027,CleanUP_base,2,44183,kgt9yu67p,48582,2,8,1,3,26,2,0,0
1025,CleanUP_base,2,44183,aq1u88sd5,48441,13,5,1,3,0,26,0,0
1036,CleanUP_base,2,44183,aq1u88sd5,49473,14,7,2,2,0,27,0,0
1022,CleanUP_base,2,44183,kgt9yu67p,48125,2,6,1,3,26,2,0,0
1021,CleanUP_base,2,44183,aq1u88sd5,48041,12,5,0,2,0,26,0,0
1019,CleanUP_base,2,44183,kgt9yu67p,47899,2,5,0,2,26,2,0,0
1018,CleanUP_base,2,44183,aq1u88sd5,47839,12,4,0,2,0,26,0,0
1016,CleanUP_base,2,44183,kgt9yu67p,47681,2,4,0,2,26,2,0,0
1015,CleanUP_base,2,44183,aq1u88sd5,47646,12,3,0,2,0,26,0,0
1013,CleanUP_base,2,44183,aq1u88sd5,47455,12,2,0,2,0,26,0,0
1012,CleanUP_base,2,44183,kgt9yu67p,47447,2,3,0,2,26,2,0,0
1049,CleanUP_base,2,44183,kgt9yu67p,50400,1,1,1,1,27,2,1,0
1063,CleanUP_base,2,44183,kgt9yu67p,51883,1,7,0,0,28,2,0,0
1061,CleanUP_base,2,44183,kgt9yu67p,51668,1,6,0,0,28,2,1,0
1059,CleanUP_base,2,44183,kgt9yu67p,51458,1,5,1,0,27,2,0,0
1056,CleanUP_base,2,44183,kgt9yu67p,51264,1,4,1,0,27,2,0,0
1054,CleanUP_base,2,44183,kgt9yu67p,50995,1,3,1,0,27,2,0,0
1053,CleanUP_base,2,44183,aq1u88sd5,50894,14,7,1,0,0,30,0,1
1052,CleanUP_base,2,44183,kgt9yu67p,50766,1,2,1,1,27,2,0,0
1050,CleanUP_base,2,44183,aq1u88sd5,50600,13,7,1,1,0,29,0,0
1010,CleanUP_base,2,44183,aq1u88sd5,47253,12,1,0,2,0,26,0,0
1048,CleanUP_base,2,44183,aq1u88sd5,50381,13,8,2,1,0,29,0,1
1045,CleanUP_base,2,44183,aq1u88sd5,50123,13,9,2,2,0,28,0,0
1044,CleanUP_base,2,44183,kgt9yu67p,50090,2,1,2,2,26,2,0,0
1042,CleanUP_base,2,44183,aq1u88sd5,49882,14,9,2,1,0,28,0,0
1041,CleanUP_base,2,44183,kgt9yu67p,49824,2,2,2,1,26,2,0,0
1039,CleanUP_base,2,44183,aq1u88sd5,49677,14,8,2,1,0,28,0,1
1038,CleanUP_base,2,44183,kgt9yu67p,49597,2,3,2,2,26,2,0,0
972,CleanUP_base,2,44183,kgt9yu67p,43844,2,8,1,3,25,2,0,0
983,CleanUP_base,2,44183,aq1u88sd5,44889,13,2,0,2,0,25,0,0
982,CleanUP_base,2,44183,kgt9yu67p,44863,0,6,0,2,26,2,0,0
981,CleanUP_base,2,44183,aq1u88sd5,44688,13,1,0,2,0,25,0,0
979,CleanUP_base,2,44183,kgt9yu67p,44635,0,7,0,2,26,2,0,0
978,CleanUP_base,2,44183,aq1u88sd5,44506,14,1,0,2,0,25,0,0
977,CleanUP_base,2,44183,kgt9yu67p,44401,0,8,0,2,26,2,1,0
975,CleanUP_base,2,44183,kgt9yu67p,44173,1,8,1,2,25,2,0,0
973,CleanUP_base,2,44183,aq1u88sd5,43869,14,0,1,2,0,25,0,1
985,CleanUP_base,2,44183,kgt9yu67p,45081,0,5,0,2,26,2,0,0
971,CleanUP_base,2,44183,aq1u88sd5,43665,13,0,1,3,0,24,0,0
969,CleanUP_base,2,44183,kgt9yu67p,43588,2,7,1,3,25,2,0,0
968,CleanUP_base,2,44183,aq1u88sd5,43421,13,1,1,3,0,24,0,0
967,CleanUP_base,2,44183,kgt9yu67p,43289,2,6,1,3,25,2,0,0
966,CleanUP_base,2,44183,aq1u88sd5,43237,13,2,1,3,0,24,0,0
964,CleanUP_base,2,44183,aq1u88sd5,43077,13,3,1,3,0,24,0,0
963,CleanUP_base,2,44183,kgt9yu67p,42943,2,5,0,2,25,2,0,0
996,CleanUP_base,2,44183,kgt9yu67p,46008,0,1,0,2,26,2,0,0
1009,CleanUP_base,2,44183,kgt9yu67p,47224,2,2,0,2,26,2,0,0
1007,CleanUP_base,2,44183,kgt9yu67p,46977,2,1,0,1,26,2,0,0
1005,CleanUP_base,2,44183,aq1u88sd5,46779,12,0,0,1,0,26,0,1
1004,CleanUP_base,2,44183,kgt9yu67p,46760,2,0,0,2,26,2,0,0
1002,CleanUP_base,2,44183,kgt9yu67p,46529,1,0,0,2,26,2,0,0
1001,CleanUP_base,2,44183,aq1u88sd5,46396,12,1,0,2,0,25,0,0
999,CleanUP_base,2,44183,kgt9yu67p,46255,0,0,0,2,26,2,0,0
997,CleanUP_base,2,44183,aq1u88sd5,46150,11,1,0,2,0,25,0,0
1066,CleanUP_base,2,44183,aq1u88sd5,52233,13,7,1,0,0,30,0,0
994,CleanUP_base,2,44183,aq1u88sd5,45842,10,1,0,2,0,25,0,0
993,CleanUP_base,2,44183,kgt9yu67p,45766,0,2,0,2,26,2,0,0
991,CleanUP_base,2,44183,aq1u88sd5,45712,10,2,0,2,0,25,0,0
990,CleanUP_base,2,44183,kgt9yu67p,45545,0,3,0,2,26,2,0,0
988,CleanUP_base,2,44183,aq1u88sd5,45503,11,2,0,2,0,25,0,0
987,CleanUP_base,2,44183,kgt9yu67p,45298,0,4,0,2,26,2,0,0
986,CleanUP_base,2,44183,aq1u88sd5,45297,12,2,0,2,0,25,0,0
1131,CleanUP_base,2,44183,kgt9yu67p,57477,13,3,1,1,28,5,0,0
1144,CleanUP_base,2,44183,kgt9yu67p,58628,13,2,1,1,28,6,0,0
1142,CleanUP_base,2,44183,kgt9yu67p,58425,13,1,1,1,28,6,0,0
1141,CleanUP_base,2,44183,aq1u88sd5,58340,2,2,1,1,3,30,1,0
1139,CleanUP_base,2,44183,kgt9yu67p,58128,13,0,2,1,28,6,0,0
1137,CleanUP_base,2,44183,kgt9yu67p,57889,13,1,1,0,28,6,0,1
1135,CleanUP_base,2,44183,aq1u88sd5,57853,2,1,1,1,2,30,0,0
1134,CleanUP_base,2,44183,aq1u88sd5,57690,1,1,1,1,2,30,0,0
1133,CleanUP_base,2,44183,kgt9yu67p,57682,13,2,1,1,28,5,0,0
1145,CleanUP_base,2,44183,aq1u88sd5,58709,1,2,1,1,3,30,0,0
1129,CleanUP_base,2,44183,aq1u88sd5,57459,1,2,1,1,2,30,0,0
1128,CleanUP_base,2,44183,kgt9yu67p,57282,13,4,1,1,28,5,0,0
1127,CleanUP_base,2,44183,aq1u88sd5,57268,1,3,1,1,2,30,0,0
1125,CleanUP_base,2,44183,kgt9yu67p,57092,13,5,1,1,28,5,0,0
1124,CleanUP_base,2,44183,aq1u88sd5,57047,1,4,0,1,2,30,0,0
1123,CleanUP_base,2,44183,kgt9yu67p,56909,13,6,0,1,28,5,0,0
1121,CleanUP_base,2,44183,aq1u88sd5,56810,1,5,0,1,2,30,0,0
1120,CleanUP_base,2,44183,kgt9yu67p,56704,13,7,0,1,28,5,0,1
1153,CleanUP_base,2,44183,aq1u88sd5,59612,1,6,1,2,3,30,0,0
1161,CleanUP_base,2,44183,kgt9yu67p,60646,12,2,1,2,28,7,0,0
1160,CleanUP_base,2,44183,aq1u88sd5,60638,2,4,1,2,4,30,0,0
1159,CleanUP_base,2,44183,aq1u88sd5,60430,2,5,1,2,4,30,0,0
1158,CleanUP_base,2,44183,kgt9yu67p,60427,12,3,1,2,28,7,0,0
1157,CleanUP_base,2,44183,kgt9yu67p,60212,12,4,1,2,28,7,0,0
1156,CleanUP_base,2,44183,kgt9yu67p,59997,12,5,0,1,28,7,0,0
1155,CleanUP_base,2,44183,aq1u88sd5,59935,2,6,0,1,4,30,1,0
1154,CleanUP_base,2,44183,kgt9yu67p,59761,12,6,1,1,28,7,0,1
1118,CleanUP_base,2,44183,aq1u88sd5,56543,1,6,0,2,2,30,0,0
1152,CleanUP_base,2,44183,kgt9yu67p,59512,13,6,1,2,28,6,0,0
1151,CleanUP_base,2,44183,aq1u88sd5,59423,1,5,1,2,3,30,0,0
1150,CleanUP_base,2,44183,kgt9yu67p,59277,13,5,1,2,28,6,0,0
1149,CleanUP_base,2,44183,aq1u88sd5,59203,1,4,1,2,3,30,0,0
1148,CleanUP_base,2,44183,kgt9yu67p,59069,13,4,1,2,28,6,0,0
1147,CleanUP_base,2,44183,aq1u88sd5,59003,1,3,1,1,3,30,0,0
1146,CleanUP_base,2,44183,kgt9yu67p,58850,13,3,1,1,28,6,0,0
1077,CleanUP_base,2,44183,kgt9yu67p,53196,3,8,1,1,28,2,0,0
1089,CleanUP_base,2,44183,kgt9yu67p,54065,7,8,1,2,28,2,0,0
1087,CleanUP_base,2,44183,aq1u88sd5,53919,4,7,1,1,0,30,0,0
1086,CleanUP_base,2,44183,kgt9yu67p,53832,6,8,1,1,28,2,0,0
1085,CleanUP_base,2,44183,aq1u88sd5,53733,5,7,1,1,0,30,0,0
1083,CleanUP_base,2,44183,kgt9yu67p,53608,5,8,1,1,28,2,0,0
1082,CleanUP_base,2,44183,aq1u88sd5,53546,6,7,1,1,0,30,0,0
1080,CleanUP_base,2,44183,kgt9yu67p,53392,4,8,1,1,28,2,0,0
1079,CleanUP_base,2,44183,aq1u88sd5,53355,7,7,1,1,0,30,0,0
1090,CleanUP_base,2,44183,aq1u88sd5,54108,3,7,1,2,0,30,0,0
1076,CleanUP_base,2,44183,aq1u88sd5,53173,8,7,1,1,0,30,0,0
1075,CleanUP_base,2,44183,aq1u88sd5,53007,9,7,1,0,0,30,0,0
1074,CleanUP_base,2,44183,kgt9yu67p,52981,2,8,1,0,28,2,0,0
1072,CleanUP_base,2,44183,aq1u88sd5,52811,10,7,1,0,0,30,0,0
1070,CleanUP_base,2,44183,aq1u88sd5,52654,11,7,1,0,0,30,0,0
1069,CleanUP_base,2,44183,kgt9yu67p,52499,1,8,1,0,28,2,0,0
1067,CleanUP_base,2,44183,aq1u88sd5,52410,12,7,1,0,0,30,0,0
1104,CleanUP_base,2,44183,aq1u88sd5,55436,1,8,1,2,0,30,0,0
1117,CleanUP_base,2,44183,kgt9yu67p,56473,13,8,0,2,28,4,0,0
1115,CleanUP_base,2,44183,aq1u88sd5,56347,1,7,0,2,2,30,1,0
1114,CleanUP_base,2,44183,kgt9yu67p,56241,13,9,1,2,28,4,0,1
1112,CleanUP_base,2,44183,aq1u88sd5,56145,1,8,1,3,1,30,0,0
1110,CleanUP_base,2,44183,kgt9yu67p,55959,14,9,0,2,28,3,0,0
1108,CleanUP_base,2,44183,kgt9yu67p,55702,14,8,0,2,28,3,0,0
1106,CleanUP_base,2,44183,aq1u88sd5,55595,1,9,0,2,1,30,1,0
1105,CleanUP_base,2,44183,kgt9yu67p,55452,13,8,1,2,28,3,0,0
962,CleanUP_base,2,44183,aq1u88sd5,42903,13,4,0,2,0,24,0,0
1102,CleanUP_base,2,44183,kgt9yu67p,55225,12,8,1,2,28,3,0,1
1100,CleanUP_base,2,44183,aq1u88sd5,55104,1,7,1,3,0,30,0,0
1099,CleanUP_base,2,44183,kgt9yu67p,54991,11,8,1,2,28,2,0,0
1097,CleanUP_base,2,44183,kgt9yu67p,54752,10,8,1,2,28,2,0,0
1095,CleanUP_base,2,44183,kgt9yu67p,54523,9,8,1,2,28,2,0,0
1094,CleanUP_base,2,44183,aq1u88sd5,54370,2,7,1,2,0,30,0,0
1092,CleanUP_base,2,44183,kgt9yu67p,54280,8,8,1,2,28,2,0,0
461,CleanUP_base,2,56192,fpssp8fex,21553,1,1,1,2,5,0,0,0
451,CleanUP_base,2,56192,yyqzx1jic,20127,12,2,1,2,1,10,0,0
452,CleanUP_base,2,56192,fpssp8fex,20166,1,4,1,2,4,0,0,0
453,CleanUP_base,2,56192,fpssp8fex,20342,1,3,1,2,4,0,0,0
454,CleanUP_base,2,56192,yyqzx1jic,20525,13,2,1,2,1,10,0,0
455,CleanUP_base,2,56192,fpssp8fex,20664,1,2,1,2,4,0,0,0
456,CleanUP_base,2,56192,yyqzx1jic,20756,14,2,1,1,1,11,0,1
457,CleanUP_base,2,56192,fpssp8fex,20838,1,1,0,1,5,0,1,0
458,CleanUP_base,2,56192,fpssp8fex,21018,1,0,1,2,5,0,0,0
459,CleanUP_base,2,56192,yyqzx1jic,21205,14,3,1,2,1,11,0,0
460,CleanUP_base,2,56192,yyqzx1jic,21445,14,4,1,2,1,11,0,0
450,CleanUP_base,2,56192,yyqzx1jic,19899,12,3,1,1,1,10,0,0
462,CleanUP_base,2,56192,yyqzx1jic,21738,13,4,1,2,1,11,0,0
463,CleanUP_base,2,56192,fpssp8fex,21757,1,2,1,2,5,0,0,0
464,CleanUP_base,2,56192,fpssp8fex,21938,1,3,1,2,5,0,0,0
465,CleanUP_base,2,56192,yyqzx1jic,21982,12,4,1,1,1,12,0,1
466,CleanUP_base,2,56192,fpssp8fex,22094,1,4,2,2,5,0,0,0
467,CleanUP_base,2,56192,yyqzx1jic,22254,12,5,2,2,1,12,0,0
468,CleanUP_base,2,56192,fpssp8fex,22271,1,5,2,2,5,0,0,0
469,CleanUP_base,2,56192,fpssp8fex,22460,1,6,2,2,5,0,0,0
470,CleanUP_base,2,56192,yyqzx1jic,22469,12,6,2,2,1,12,0,0
471,CleanUP_base,2,56192,fpssp8fex,22641,1,7,2,2,5,0,0,0
440,CleanUP_base,2,56192,fpssp8fex,17575,2,6,1,2,3,0,0,0
430,CleanUP_base,2,56192,fpssp8fex,16015,1,8,2,1,2,0,0,0
431,CleanUP_base,2,56192,fpssp8fex,16223,1,9,2,1,2,0,0,0
432,CleanUP_base,2,56192,yyqzx1jic,16285,12,7,2,1,1,8,0,0
433,CleanUP_base,2,56192,yyqzx1jic,16623,12,6,2,1,1,8,0,0
434,CleanUP_base,2,56192,fpssp8fex,16833,2,9,2,1,2,0,0,0
435,CleanUP_base,2,56192,yyqzx1jic,16867,12,5,2,1,1,8,0,0
436,CleanUP_base,2,56192,yyqzx1jic,17094,12,4,2,2,1,8,0,0
437,CleanUP_base,2,56192,fpssp8fex,17143,2,8,1,2,3,0,1,0
438,CleanUP_base,2,56192,fpssp8fex,17407,2,7,1,2,3,0,0,0
439,CleanUP_base,2,56192,yyqzx1jic,17448,13,4,1,2,1,8,0,0
472,CleanUP_base,2,56192,yyqzx1jic,22782,13,6,2,2,1,12,0,0
441,CleanUP_base,2,56192,yyqzx1jic,17755,14,4,1,1,1,9,0,1
442,CleanUP_base,2,56192,fpssp8fex,17758,2,5,0,1,4,0,1,0
443,CleanUP_base,2,56192,yyqzx1jic,17970,14,5,0,1,1,9,0,0
444,CleanUP_base,2,56192,yyqzx1jic,18216,14,6,0,0,1,10,0,1
445,CleanUP_base,2,56192,yyqzx1jic,18586,13,6,0,0,1,10,0,0
446,CleanUP_base,2,56192,yyqzx1jic,19223,12,6,1,1,1,10,0,0
447,CleanUP_base,2,56192,yyqzx1jic,19470,12,5,1,1,1,10,0,0
448,CleanUP_base,2,56192,yyqzx1jic,19687,12,4,1,1,1,10,0,0
449,CleanUP_base,2,56192,fpssp8fex,19791,1,5,1,1,4,0,0,0
504,CleanUP_base,2,56192,fpssp8fex,27944,0,3,1,0,8,0,0,0
494,CleanUP_base,2,56192,fpssp8fex,26347,1,3,1,1,7,0,0,0
495,CleanUP_base,2,56192,yyqzx1jic,26457,13,3,1,0,1,16,0,1
496,CleanUP_base,2,56192,fpssp8fex,26526,1,2,1,0,7,0,0,0
497,CleanUP_base,2,56192,fpssp8fex,26707,1,1,1,0,7,0,0,0
498,CleanUP_base,2,56192,yyqzx1jic,27045,13,4,2,1,1,16,0,0
499,CleanUP_base,2,56192,fpssp8fex,27063,0,1,1,1,8,0,1,0
500,CleanUP_base,2,56192,yyqzx1jic,27413,13,3,1,1,1,16,0,0
501,CleanUP_base,2,56192,yyqzx1jic,27681,13,2,1,1,1,16,0,0
502,CleanUP_base,2,56192,fpssp8fex,27713,0,2,1,1,8,0,0,0
503,CleanUP_base,2,56192,yyqzx1jic,27906,14,2,1,0,1,17,0,1
493,CleanUP_base,2,56192,fpssp8fex,26159,1,4,1,1,7,0,0,0
505,CleanUP_base,2,56192,fpssp8fex,28138,0,4,2,0,8,0,0,0
506,CleanUP_base,2,56192,fpssp8fex,28289,0,5,2,0,8,0,0,0
507,CleanUP_base,2,56192,yyqzx1jic,28576,14,3,2,0,1,17,0,0
508,CleanUP_base,2,56192,fpssp8fex,28604,0,6,2,0,8,0,0,0
509,CleanUP_base,2,56192,yyqzx1jic,28809,14,4,2,0,1,17,0,0
510,CleanUP_base,2,56192,fpssp8fex,28880,1,6,2,0,8,0,0,0
511,CleanUP_base,2,56192,yyqzx1jic,29105,13,4,3,1,1,17,0,0
512,CleanUP_base,2,56192,fpssp8fex,29124,2,6,2,1,9,0,1,0
513,CleanUP_base,2,56192,fpssp8fex,29553,2,7,1,1,10,0,1,0
483,CleanUP_base,2,56192,yyqzx1jic,24492,14,9,0,0,1,15,0,1
473,CleanUP_base,2,56192,fpssp8fex,22829,1,8,1,2,6,0,1,0
474,CleanUP_base,2,56192,fpssp8fex,23051,1,9,1,2,6,0,0,0
475,CleanUP_base,2,56192,yyqzx1jic,23081,13,5,1,1,1,13,0,1
476,CleanUP_base,2,56192,yyqzx1jic,23382,13,6,1,1,1,13,0,0
477,CleanUP_base,2,56192,yyqzx1jic,23615,13,7,1,1,1,13,0,0
478,CleanUP_base,2,56192,fpssp8fex,23703,0,9,1,1,6,0,0,0
479,CleanUP_base,2,56192,yyqzx1jic,23823,13,8,1,1,1,13,0,0
480,CleanUP_base,2,56192,fpssp8fex,23976,0,8,1,1,6,0,0,0
481,CleanUP_base,2,56192,yyqzx1jic,24033,13,9,1,1,1,14,0,1
482,CleanUP_base,2,56192,fpssp8fex,24309,0,7,0,1,7,0,1,0
429,CleanUP_base,2,56192,fpssp8fex,15823,1,7,1,0,2,0,0,0
484,CleanUP_base,2,56192,yyqzx1jic,24830,14,8,0,0,1,15,0,0
485,CleanUP_base,2,56192,yyqzx1jic,25075,14,7,1,1,1,15,0,0
486,CleanUP_base,2,56192,yyqzx1jic,25321,14,6,1,1,1,15,0,0
487,CleanUP_base,2,56192,fpssp8fex,25478,1,7,1,1,7,0,0,0
488,CleanUP_base,2,56192,yyqzx1jic,25644,14,5,1,1,1,15,0,0
489,CleanUP_base,2,56192,fpssp8fex,25696,1,6,1,1,7,0,0,0
490,CleanUP_base,2,56192,yyqzx1jic,25864,14,4,1,1,1,15,0,0
491,CleanUP_base,2,56192,fpssp8fex,25963,1,5,1,1,7,0,0,0
492,CleanUP_base,2,56192,yyqzx1jic,26111,14,3,1,1,1,15,0,0
376,CleanUP_base,2,56192,yyqzx1jic,7155,12,0,0,3,1,1,0,0
366,CleanUP_base,2,56192,fpssp8fex,5011,5,3,0,3,0,0,0,0
367,CleanUP_base,2,56192,yyqzx1jic,5177,7,1,0,3,1,0,0,0
368,CleanUP_base,2,56192,fpssp8fex,5302,4,3,0,3,0,0,0,0
369,CleanUP_base,2,56192,yyqzx1jic,5444,8,1,0,3,1,0,0,0
370,CleanUP_base,2,56192,fpssp8fex,5596,3,3,0,3,0,0,0,0
371,CleanUP_base,2,56192,yyqzx1jic,5726,9,1,0,3,1,0,0,0
372,CleanUP_base,2,56192,fpssp8fex,5893,4,3,0,3,0,0,0,0
373,CleanUP_base,2,56192,yyqzx1jic,6015,10,1,0,4,1,0,0,0
374,CleanUP_base,2,56192,yyqzx1jic,6331,11,1,0,4,1,0,0,0
375,CleanUP_base,2,56192,yyqzx1jic,6632,12,1,0,3,1,1,0,1
365,CleanUP_base,2,56192,yyqzx1jic,4909,6,1,0,3,1,0,0,0
377,CleanUP_base,2,56192,fpssp8fex,7181,3,3,0,3,0,0,0,0
378,CleanUP_base,2,56192,yyqzx1jic,7390,13,0,0,2,1,2,0,1
379,CleanUP_base,2,56192,fpssp8fex,7473,2,3,0,2,0,0,0,0
380,CleanUP_base,2,56192,yyqzx1jic,7674,13,1,0,2,1,2,0,0
381,CleanUP_base,2,56192,yyqzx1jic,7972,13,2,0,2,1,2,0,0
382,CleanUP_base,2,56192,yyqzx1jic,8199,13,3,0,3,1,2,0,0
383,CleanUP_base,2,56192,fpssp8fex,8228,2,2,0,3,0,0,0,0
384,CleanUP_base,2,56192,yyqzx1jic,8418,13,4,0,3,1,2,0,0
385,CleanUP_base,2,56192,fpssp8fex,8671,3,2,0,3,0,0,0,0
386,CleanUP_base,2,56192,yyqzx1jic,8706,13,5,0,3,1,2,0,0
355,CleanUP_base,2,56192,yyqzx1jic,2980,2,3,0,2,1,0,1,0
345,CleanUP_base,2,56192,fpssp8fex,804,8,5,0,0,0,0,0,0
346,CleanUP_base,2,56192,yyqzx1jic,1313,6,4,1,1,0,0,0,0
347,CleanUP_base,2,56192,fpssp8fex,1470,9,5,1,1,0,0,0,0
348,CleanUP_base,2,56192,yyqzx1jic,1703,5,4,1,1,0,0,0,0
349,CleanUP_base,2,56192,yyqzx1jic,2015,4,4,1,2,0,0,0,0
350,CleanUP_base,2,56192,fpssp8fex,2020,10,5,1,2,0,0,0,0
351,CleanUP_base,2,56192,yyqzx1jic,2284,3,4,1,2,0,0,0,0
352,CleanUP_base,2,56192,fpssp8fex,2362,9,5,1,2,0,0,0,0
353,CleanUP_base,2,56192,yyqzx1jic,2628,2,4,1,2,0,0,0,0
354,CleanUP_base,2,56192,fpssp8fex,2719,8,5,1,2,0,0,0,0
387,CleanUP_base,2,56192,fpssp8fex,9055,4,2,0,3,0,0,0,0
356,CleanUP_base,2,56192,yyqzx1jic,3408,3,3,0,3,1,0,0,0
357,CleanUP_base,2,56192,fpssp8fex,3539,8,4,0,3,0,0,0,0
358,CleanUP_base,2,56192,yyqzx1jic,3673,4,3,0,3,1,0,0,0
359,CleanUP_base,2,56192,fpssp8fex,3964,8,3,0,3,0,0,0,0
360,CleanUP_base,2,56192,yyqzx1jic,4093,4,2,0,3,1,0,0,0
361,CleanUP_base,2,56192,yyqzx1jic,4339,4,1,0,3,1,0,0,0
362,CleanUP_base,2,56192,fpssp8fex,4405,7,3,0,3,0,0,0,0
363,CleanUP_base,2,56192,yyqzx1jic,4610,5,1,0,3,1,0,0,0
364,CleanUP_base,2,56192,fpssp8fex,4715,6,3,0,3,0,0,0,0
419,CleanUP_base,2,56192,yyqzx1jic,14716,14,4,1,0,1,8,0,0
409,CleanUP_base,2,56192,fpssp8fex,12957,2,2,1,1,1,0,0,0
410,CleanUP_base,2,56192,yyqzx1jic,13011,12,1,1,1,1,7,0,0
411,CleanUP_base,2,56192,fpssp8fex,13168,2,1,1,1,1,0,0,0
412,CleanUP_base,2,56192,yyqzx1jic,13378,13,1,1,1,1,7,0,0
413,CleanUP_base,2,56192,fpssp8fex,13401,2,0,1,1,1,0,0,0
414,CleanUP_base,2,56192,yyqzx1jic,13786,14,1,1,0,1,8,0,1
415,CleanUP_base,2,56192,fpssp8fex,13818,1,0,0,0,2,0,1,0
416,CleanUP_base,2,56192,yyqzx1jic,14209,14,2,1,0,1,8,0,0
417,CleanUP_base,2,56192,yyqzx1jic,14477,14,3,1,0,1,8,0,0
418,CleanUP_base,2,56192,fpssp8fex,14636,1,1,1,0,2,0,0,0
408,CleanUP_base,2,56192,yyqzx1jic,12787,12,2,1,1,1,7,0,0
420,CleanUP_base,2,56192,fpssp8fex,14867,1,2,1,0,2,0,0,0
421,CleanUP_base,2,56192,yyqzx1jic,14944,14,5,1,0,1,8,0,0
422,CleanUP_base,2,56192,fpssp8fex,15099,1,3,1,0,2,0,0,0
423,CleanUP_base,2,56192,yyqzx1jic,15203,14,6,1,0,1,8,0,0
424,CleanUP_base,2,56192,fpssp8fex,15300,1,4,1,0,2,0,0,0
425,CleanUP_base,2,56192,yyqzx1jic,15460,14,7,1,0,1,8,0,0
426,CleanUP_base,2,56192,fpssp8fex,15463,1,5,1,0,2,0,0,0
427,CleanUP_base,2,56192,fpssp8fex,15659,1,6,1,0,2,0,0,0
428,CleanUP_base,2,56192,yyqzx1jic,15815,13,7,1,0,1,8,0,0
398,CleanUP_base,2,56192,yyqzx1jic,10662,14,1,0,0,1,6,0,1
388,CleanUP_base,2,56192,yyqzx1jic,9106,12,5,0,2,1,3,0,1
389,CleanUP_base,2,56192,fpssp8fex,9358,5,2,0,2,0,0,0,0
390,CleanUP_base,2,56192,yyqzx1jic,9412,13,5,0,2,1,3,0,0
391,CleanUP_base,2,56192,fpssp8fex,9628,4,2,0,2,0,0,0,0
392,CleanUP_base,2,56192,yyqzx1jic,9653,14,5,0,1,1,4,0,1
393,CleanUP_base,2,56192,yyqzx1jic,9945,14,4,0,1,1,4,0,0
394,CleanUP_base,2,56192,fpssp8fex,9988,3,2,0,1,0,0,0,0
395,CleanUP_base,2,56192,yyqzx1jic,10178,14,3,0,2,1,4,0,0
396,CleanUP_base,2,56192,fpssp8fex,10317,2,2,0,2,0,0,0,0
397,CleanUP_base,2,56192,yyqzx1jic,10407,14,2,0,1,1,5,0,1
556,CleanUP_base,2,56192,yyqzx1jic,36323,13,2,2,0,1,22,0,0
399,CleanUP_base,2,56192,yyqzx1jic,11085,14,0,1,1,1,6,0,0
400,CleanUP_base,2,56192,yyqzx1jic,11406,14,1,1,1,1,6,0,0
401,CleanUP_base,2,56192,fpssp8fex,11430,1,2,1,1,0,0,0,0
402,CleanUP_base,2,56192,yyqzx1jic,11647,14,2,1,1,1,6,0,0
403,CleanUP_base,2,56192,yyqzx1jic,11942,14,3,1,1,1,6,0,0
404,CleanUP_base,2,56192,fpssp8fex,11995,2,2,1,1,0,0,0,0
405,CleanUP_base,2,56192,yyqzx1jic,12147,13,3,2,2,1,6,0,0
406,CleanUP_base,2,56192,yyqzx1jic,12454,12,3,2,1,1,7,0,1
407,CleanUP_base,2,56192,fpssp8fex,12475,2,3,1,1,1,0,1,0
608,CleanUP_base,2,56192,yyqzx1jic,43829,13,2,2,1,1,27,0,0
618,CleanUP_base,2,56192,yyqzx1jic,45341,13,8,3,0,1,28,0,0
617,CleanUP_base,2,56192,yyqzx1jic,45095,13,7,3,0,1,28,0,0
616,CleanUP_base,2,56192,fpssp8fex,45047,0,2,3,0,20,0,0,0
615,CleanUP_base,2,56192,yyqzx1jic,44830,13,6,2,0,1,28,0,0
614,CleanUP_base,2,56192,yyqzx1jic,44591,13,5,2,0,1,28,0,0
613,CleanUP_base,2,56192,fpssp8fex,44525,0,3,2,0,20,0,1,0
612,CleanUP_base,2,56192,yyqzx1jic,44361,13,4,3,0,1,28,0,0
611,CleanUP_base,2,56192,fpssp8fex,44083,1,3,3,0,19,0,0,0
610,CleanUP_base,2,56192,yyqzx1jic,44050,13,3,3,0,1,28,0,1
609,CleanUP_base,2,56192,fpssp8fex,43873,1,4,2,1,19,0,0,0
619,CleanUP_base,2,56192,fpssp8fex,45343,1,2,3,0,20,0,0,0
607,CleanUP_base,2,56192,fpssp8fex,43691,1,5,2,1,19,0,0,0
606,CleanUP_base,2,56192,yyqzx1jic,43590,13,1,2,1,1,27,0,0
605,CleanUP_base,2,56192,fpssp8fex,43508,1,6,2,1,19,0,0,0
604,CleanUP_base,2,56192,yyqzx1jic,43267,14,1,2,1,1,27,0,1
603,CleanUP_base,2,56192,fpssp8fex,43265,1,7,2,2,19,0,0,0
602,CleanUP_base,2,56192,yyqzx1jic,43049,14,2,2,2,1,26,0,0
601,CleanUP_base,2,56192,fpssp8fex,42954,1,8,2,1,19,0,1,0
600,CleanUP_base,2,56192,yyqzx1jic,42849,14,3,3,1,1,26,0,0
599,CleanUP_base,2,56192,yyqzx1jic,42641,14,4,3,1,1,26,0,0
598,CleanUP_base,2,56192,fpssp8fex,42481,0,8,3,1,18,0,0,0
629,CleanUP_base,2,56192,fpssp8fex,47415,1,1,3,1,22,0,0,0
639,CleanUP_base,2,56192,yyqzx1jic,48930,13,3,3,0,1,29,0,0
638,CleanUP_base,2,56192,yyqzx1jic,48701,13,4,3,0,1,29,0,0
637,CleanUP_base,2,56192,fpssp8fex,48675,2,2,3,0,23,0,0,0
636,CleanUP_base,2,56192,yyqzx1jic,48468,13,5,3,0,1,29,0,0
635,CleanUP_base,2,56192,fpssp8fex,48312,2,3,3,0,23,0,1,0
634,CleanUP_base,2,56192,yyqzx1jic,48231,13,6,4,0,1,29,0,0
633,CleanUP_base,2,56192,fpssp8fex,47987,1,3,3,0,22,0,0,0
632,CleanUP_base,2,56192,fpssp8fex,47785,1,2,3,0,22,0,0,0
631,CleanUP_base,2,56192,yyqzx1jic,47763,13,7,3,0,1,29,0,1
630,CleanUP_base,2,56192,yyqzx1jic,47569,13,6,3,1,1,28,0,0
597,CleanUP_base,2,56192,yyqzx1jic,42390,14,5,3,1,1,26,0,1
628,CleanUP_base,2,56192,yyqzx1jic,47151,13,5,3,1,1,28,0,0
627,CleanUP_base,2,56192,yyqzx1jic,46909,13,6,2,0,1,28,0,0
626,CleanUP_base,2,56192,fpssp8fex,46857,1,0,2,0,22,0,1,0
625,CleanUP_base,2,56192,yyqzx1jic,46594,13,7,3,0,1,28,0,0
624,CleanUP_base,2,56192,yyqzx1jic,46306,13,8,3,0,1,28,0,0
623,CleanUP_base,2,56192,fpssp8fex,46276,1,1,3,0,21,0,1,0
622,CleanUP_base,2,56192,yyqzx1jic,45917,13,9,3,0,1,28,0,0
621,CleanUP_base,2,56192,fpssp8fex,45854,2,1,3,0,20,0,0,0
620,CleanUP_base,2,56192,fpssp8fex,45634,2,2,3,0,20,0,0,0
565,CleanUP_base,2,56192,fpssp8fex,37805,2,1,1,1,16,0,1,0
575,CleanUP_base,2,56192,yyqzx1jic,39156,14,5,2,1,1,23,0,0
574,CleanUP_base,2,56192,yyqzx1jic,38941,14,6,2,1,1,23,0,0
573,CleanUP_base,2,56192,fpssp8fex,38853,1,4,2,1,16,0,0,0
572,CleanUP_base,2,56192,yyqzx1jic,38715,14,7,2,1,1,23,0,0
571,CleanUP_base,2,56192,fpssp8fex,38661,2,4,2,1,16,0,0,0
570,CleanUP_base,2,56192,yyqzx1jic,38457,14,8,2,1,1,23,0,1
569,CleanUP_base,2,56192,fpssp8fex,38444,2,3,2,2,16,0,0,0
568,CleanUP_base,2,56192,fpssp8fex,38203,2,2,2,2,16,0,0,0
567,CleanUP_base,2,56192,yyqzx1jic,38121,13,8,2,2,1,22,0,0
566,CleanUP_base,2,56192,yyqzx1jic,37892,13,7,1,1,1,22,0,0
576,CleanUP_base,2,56192,fpssp8fex,39170,1,3,2,1,16,0,0,0
564,CleanUP_base,2,56192,yyqzx1jic,37655,13,6,2,1,1,22,0,0
563,CleanUP_base,2,56192,fpssp8fex,37410,1,1,2,1,15,0,0,0
562,CleanUP_base,2,56192,yyqzx1jic,37405,13,5,2,1,1,22,0,0
561,CleanUP_base,2,56192,fpssp8fex,37066,1,2,2,1,15,0,1,0
560,CleanUP_base,2,56192,yyqzx1jic,36957,13,4,2,0,1,22,0,0
559,CleanUP_base,2,56192,yyqzx1jic,36621,13,3,2,0,1,22,0,0
558,CleanUP_base,2,56192,fpssp8fex,36602,1,3,2,0,14,0,0,0
557,CleanUP_base,2,56192,fpssp8fex,36325,1,2,2,0,14,0,0,0
514,CleanUP_base,2,56192,yyqzx1jic,29559,13,5,1,1,1,17,0,0
586,CleanUP_base,2,56192,yyqzx1jic,40713,12,1,2,0,1,25,0,1
596,CleanUP_base,2,56192,fpssp8fex,42279,0,7,3,2,18,0,0,0
595,CleanUP_base,2,56192,yyqzx1jic,42141,13,5,3,2,1,25,0,0
594,CleanUP_base,2,56192,fpssp8fex,42060,0,6,3,2,18,0,0,0
593,CleanUP_base,2,56192,yyqzx1jic,41917,13,4,2,1,1,25,0,0
592,CleanUP_base,2,56192,fpssp8fex,41765,0,5,2,1,18,0,0,0
591,CleanUP_base,2,56192,yyqzx1jic,41688,13,3,2,1,1,25,0,0
590,CleanUP_base,2,56192,yyqzx1jic,41465,13,2,2,1,1,25,0,0
589,CleanUP_base,2,56192,fpssp8fex,41245,1,5,2,1,18,0,1,0
588,CleanUP_base,2,56192,yyqzx1jic,41224,13,1,3,1,1,25,0,0
587,CleanUP_base,2,56192,fpssp8fex,40731,1,6,2,0,17,0,0,0
515,CleanUP_base,2,56192,yyqzx1jic,29773,13,6,1,1,1,17,0,0
585,CleanUP_base,2,56192,yyqzx1jic,40511,12,2,2,1,1,24,0,0
584,CleanUP_base,2,56192,fpssp8fex,40475,0,6,2,1,17,0,0,0
583,CleanUP_base,2,56192,yyqzx1jic,40341,12,3,2,1,1,24,0,0
582,CleanUP_base,2,56192,fpssp8fex,40285,0,5,2,1,17,0,0,0
581,CleanUP_base,2,56192,yyqzx1jic,40107,12,4,2,1,1,24,0,0
580,CleanUP_base,2,56192,fpssp8fex,40027,0,4,2,1,17,0,0,0
579,CleanUP_base,2,56192,fpssp8fex,39698,0,3,1,0,17,0,1,0
578,CleanUP_base,2,56192,yyqzx1jic,39640,12,5,2,0,1,24,0,1
577,CleanUP_base,2,56192,yyqzx1jic,39399,13,5,2,1,1,23,0,0
545,CleanUP_base,2,56192,fpssp8fex,34550,0,5,1,1,13,0,1,0
536,CleanUP_base,2,56192,yyqzx1jic,33197,12,7,1,1,1,19,0,0
537,CleanUP_base,2,56192,yyqzx1jic,33417,12,6,1,1,1,19,0,0
538,CleanUP_base,2,56192,fpssp8fex,33451,0,9,1,1,12,0,0,0
539,CleanUP_base,2,56192,fpssp8fex,33925,0,8,1,1,12,0,0,0
540,CleanUP_base,2,56192,yyqzx1jic,34065,12,5,2,2,1,19,0,0
541,CleanUP_base,2,56192,fpssp8fex,34185,0,7,2,2,12,0,0,0
542,CleanUP_base,2,56192,yyqzx1jic,34297,13,5,2,2,1,19,0,0
555,CleanUP_base,2,56192,fpssp8fex,36006,1,1,1,0,14,0,0,0
543,CleanUP_base,2,56192,fpssp8fex,34363,0,6,2,2,12,0,0,0
544,CleanUP_base,2,56192,yyqzx1jic,34548,14,5,2,1,1,20,0,1
535,CleanUP_base,2,56192,fpssp8fex,33045,1,9,1,1,12,0,0,0
546,CleanUP_base,2,56192,fpssp8fex,34717,0,4,1,1,13,0,0,0
547,CleanUP_base,2,56192,fpssp8fex,34910,0,3,1,1,13,0,0,0
548,CleanUP_base,2,56192,yyqzx1jic,34915,14,4,1,1,1,20,0,0
549,CleanUP_base,2,56192,yyqzx1jic,35144,14,3,2,2,1,20,0,0
550,CleanUP_base,2,56192,fpssp8fex,35267,0,2,2,2,13,0,0,0
551,CleanUP_base,2,56192,yyqzx1jic,35470,13,3,2,1,1,21,0,1
552,CleanUP_base,2,56192,fpssp8fex,35482,0,1,1,1,14,0,1,0
553,CleanUP_base,2,56192,yyqzx1jic,35730,12,3,1,1,1,21,0,0
554,CleanUP_base,2,56192,yyqzx1jic,35987,12,2,1,0,1,22,0,1
683,CleanUP_base,2,56192,yyqzx1jic,55134,13,6,3,4,1,31,0,0
525,CleanUP_base,2,56192,yyqzx1jic,31342,14,7,1,1,1,18,0,0
640,CleanUP_base,2,56192,fpssp8fex,49059,1,2,4,1,23,0,0,0
516,CleanUP_base,2,56192,fpssp8fex,29799,2,8,1,1,10,0,0,0
517,CleanUP_base,2,56192,yyqzx1jic,30000,13,7,1,1,1,17,0,0
518,CleanUP_base,2,56192,fpssp8fex,30067,1,8,1,1,10,0,0,0
519,CleanUP_base,2,56192,yyqzx1jic,30218,13,8,1,1,1,17,0,0
520,CleanUP_base,2,56192,fpssp8fex,30449,1,9,0,1,11,0,1,0
521,CleanUP_base,2,56192,yyqzx1jic,30456,13,9,0,1,1,17,0,0
522,CleanUP_base,2,56192,yyqzx1jic,30706,14,9,0,0,1,18,0,1
523,CleanUP_base,2,56192,yyqzx1jic,31106,14,8,1,1,1,18,0,0
524,CleanUP_base,2,56192,fpssp8fex,31168,1,8,1,1,11,0,0,0
641,CleanUP_base,2,56192,fpssp8fex,49370,0,2,3,1,24,0,1,0
526,CleanUP_base,2,56192,fpssp8fex,31445,1,7,1,1,11,0,0,0
527,CleanUP_base,2,56192,yyqzx1jic,31654,13,7,1,1,1,18,0,0
528,CleanUP_base,2,56192,fpssp8fex,31766,2,7,1,1,11,0,0,0
529,CleanUP_base,2,56192,yyqzx1jic,31901,13,8,1,1,1,18,0,0
530,CleanUP_base,2,56192,yyqzx1jic,31975,12,8,1,1,1,18,0,0
531,CleanUP_base,2,56192,fpssp8fex,32150,2,8,1,1,11,0,0,0
532,CleanUP_base,2,56192,fpssp8fex,32401,2,9,0,1,12,0,1,0
533,CleanUP_base,2,56192,yyqzx1jic,32447,12,9,0,0,1,19,0,1
534,CleanUP_base,2,56192,yyqzx1jic,32937,12,8,0,0,1,19,0,0
650,CleanUP_base,2,56192,fpssp8fex,50582,0,6,3,2,25,0,1,0
660,CleanUP_base,2,56192,fpssp8fex,52116,2,9,2,1,26,0,0,0
659,CleanUP_base,2,56192,yyqzx1jic,52054,9,9,2,1,1,31,0,0
658,CleanUP_base,2,56192,yyqzx1jic,51833,10,9,2,0,1,31,0,0
657,CleanUP_base,2,56192,fpssp8fex,51768,1,9,2,0,26,0,1,0
656,CleanUP_base,2,56192,yyqzx1jic,51449,11,9,3,0,1,31,0,0
655,CleanUP_base,2,56192,fpssp8fex,51342,0,9,3,0,25,0,0,0
654,CleanUP_base,2,56192,yyqzx1jic,51156,12,9,3,0,1,31,0,1
653,CleanUP_base,2,56192,fpssp8fex,51106,0,8,3,1,25,0,0,0
652,CleanUP_base,2,56192,fpssp8fex,50788,0,7,3,1,25,0,0,0
651,CleanUP_base,2,56192,yyqzx1jic,50644,13,9,3,1,1,30,0,1
681,CleanUP_base,2,56192,yyqzx1jic,54880,12,6,2,3,1,31,0,0
649,CleanUP_base,2,56192,yyqzx1jic,50395,13,8,4,2,1,29,0,0
648,CleanUP_base,2,56192,fpssp8fex,50317,0,5,4,2,24,0,0,0
647,CleanUP_base,2,56192,yyqzx1jic,50175,13,7,4,2,1,29,0,0
646,CleanUP_base,2,56192,fpssp8fex,50135,0,4,4,2,24,0,0,0
645,CleanUP_base,2,56192,yyqzx1jic,49928,13,6,3,1,1,29,0,0
644,CleanUP_base,2,56192,fpssp8fex,49865,0,3,3,1,24,0,0,0
643,CleanUP_base,2,56192,yyqzx1jic,49710,13,5,3,1,1,29,0,0
642,CleanUP_base,2,56192,yyqzx1jic,49484,13,4,3,1,1,29,0,0
682,CleanUP_base,2,56192,fpssp8fex,54999,0,1,2,3,28,0,0,0
662,CleanUP_base,2,56192,yyqzx1jic,52502,7,9,2,1,1,31,0,0
661,CleanUP_base,2,56192,yyqzx1jic,52263,8,9,2,1,1,31,0,0
680,CleanUP_base,2,56192,fpssp8fex,54667,1,1,2,3,28,0,0,0
679,CleanUP_base,2,56192,yyqzx1jic,54651,11,6,2,3,1,31,0,0
678,CleanUP_base,2,56192,yyqzx1jic,54433,10,6,2,3,1,31,0,0
677,CleanUP_base,2,56192,fpssp8fex,54354,2,1,2,3,28,0,1,0
676,CleanUP_base,2,56192,yyqzx1jic,54198,9,6,3,3,1,31,0,0
675,CleanUP_base,2,56192,fpssp8fex,54133,2,2,3,3,27,0,0,0
674,CleanUP_base,2,56192,yyqzx1jic,53967,8,6,2,2,1,31,0,0
673,CleanUP_base,2,56192,fpssp8fex,53939,2,3,2,2,27,0,0,0
672,CleanUP_base,2,56192,fpssp8fex,53759,2,4,2,2,27,0,0,0
670,CleanUP_base,2,56192,yyqzx1jic,53454,6,6,2,2,1,31,0,0
669,CleanUP_base,2,56192,yyqzx1jic,53224,6,7,2,2,1,31,0,0
668,CleanUP_base,2,56192,fpssp8fex,53198,2,5,2,2,27,0,0,0
667,CleanUP_base,2,56192,yyqzx1jic,53003,6,8,1,1,1,31,0,0
666,CleanUP_base,2,56192,fpssp8fex,52985,2,6,1,1,27,0,1,0
665,CleanUP_base,2,56192,fpssp8fex,52806,2,7,2,1,26,0,0,0
664,CleanUP_base,2,56192,yyqzx1jic,52739,6,9,2,1,1,31,0,0
663,CleanUP_base,2,56192,fpssp8fex,52578,2,8,2,1,26,0,0,0
671,CleanUP_base,2,56192,yyqzx1jic,53721,7,6,2,2,1,31,0,0
134,CleanUP_base,2,d4e51,ln6nfa7gd,44789,0,7,1,5,7,15,0,0
133,CleanUP_base,2,d4e51,ln6nfa7gd,44602,1,7,1,5,7,15,0,0
132,CleanUP_base,2,d4e51,ln6nfa7gd,44405,1,8,1,5,7,15,0,0
131,CleanUP_base,2,d4e51,ln6nfa7gd,44217,2,8,1,5,7,15,0,0
130,CleanUP_base,2,d4e51,ln6nfa7gd,42366,2,9,0,3,7,15,0,0
129,CleanUP_base,2,d4e51,ln6nfa7gd,42156,3,9,0,3,7,15,0,0
128,CleanUP_base,2,d4e51,ln6nfa7gd,41954,4,9,0,2,7,15,0,0
127,CleanUP_base,2,d4e51,ln6nfa7gd,41757,5,9,0,2,7,15,0,0
126,CleanUP_base,2,d4e51,ln6nfa7gd,41547,6,9,0,2,7,15,0,0
125,CleanUP_base,2,d4e51,ln6nfa7gd,41347,7,9,0,2,7,15,0,0
124,CleanUP_base,2,d4e51,ln6nfa7gd,41144,8,9,0,2,7,15,0,0
123,CleanUP_base,2,d4e51,ln6nfa7gd,40948,9,9,0,1,7,15,0,0
135,CleanUP_base,2,d4e51,ln6nfa7gd,44850,0,6,1,5,7,15,0,0
136,CleanUP_base,2,d4e51,ln6nfa7gd,45366,1,6,2,5,7,15,0,0
137,CleanUP_base,2,d4e51,ln6nfa7gd,45760,1,5,2,5,7,15,0,0
138,CleanUP_base,2,d4e51,ln6nfa7gd,45964,1,4,1,5,8,15,1,0
139,CleanUP_base,2,d4e51,ln6nfa7gd,46221,0,4,1,5,8,15,0,0
140,CleanUP_base,2,d4e51,ln6nfa7gd,46420,0,3,1,5,8,15,0,0
141,CleanUP_base,2,d4e51,ln6nfa7gd,46638,0,2,1,5,8,15,0,0
142,CleanUP_base,2,d4e51,ln6nfa7gd,46848,0,1,1,5,8,15,0,0
143,CleanUP_base,2,d4e51,ln6nfa7gd,47064,0,0,0,5,9,15,1,0
144,CleanUP_base,2,d4e51,ln6nfa7gd,47432,1,0,0,6,9,15,0,0
145,CleanUP_base,2,d4e51,p39nkfddj,51356,13,8,1,8,4,9,0,1
146,CleanUP_base,2,d4e51,p39nkfddj,51798,13,7,1,8,4,9,0,0
110,CleanUP_base,2,d4e51,ln6nfa7gd,37736,12,3,0,4,7,10,0,1
99,CleanUP_base,2,d4e51,ln6nfa7gd,35427,13,7,0,8,7,4,0,0
100,CleanUP_base,2,d4e51,ln6nfa7gd,35618,13,6,0,8,7,4,0,0
101,CleanUP_base,2,d4e51,ln6nfa7gd,35857,13,5,0,8,7,4,0,0
102,CleanUP_base,2,d4e51,ln6nfa7gd,36036,13,4,0,8,7,4,0,0
103,CleanUP_base,2,d4e51,ln6nfa7gd,36232,13,3,0,8,7,5,0,1
104,CleanUP_base,2,d4e51,ln6nfa7gd,36410,13,2,0,7,7,6,0,1
105,CleanUP_base,2,d4e51,ln6nfa7gd,36598,13,1,0,7,7,6,0,0
106,CleanUP_base,2,d4e51,ln6nfa7gd,36785,13,0,0,6,7,7,0,1
107,CleanUP_base,2,d4e51,ln6nfa7gd,37045,12,0,0,6,7,7,0,0
108,CleanUP_base,2,d4e51,ln6nfa7gd,37310,12,1,0,6,7,8,0,1
109,CleanUP_base,2,d4e51,ln6nfa7gd,37514,12,2,0,5,7,9,0,1
122,CleanUP_base,2,d4e51,ln6nfa7gd,40760,10,9,0,1,7,15,0,0
111,CleanUP_base,2,d4e51,ln6nfa7gd,37967,12,4,0,3,7,11,0,1
112,CleanUP_base,2,d4e51,ln6nfa7gd,38205,12,5,0,3,7,12,0,1
113,CleanUP_base,2,d4e51,ln6nfa7gd,38438,13,5,0,3,7,12,0,0
114,CleanUP_base,2,d4e51,ln6nfa7gd,38711,13,6,0,3,7,12,0,0
115,CleanUP_base,2,d4e51,ln6nfa7gd,38995,13,7,0,2,7,13,0,1
116,CleanUP_base,2,d4e51,ln6nfa7gd,39296,14,7,0,1,7,14,0,1
117,CleanUP_base,2,d4e51,ln6nfa7gd,39612,14,8,0,1,7,14,0,0
118,CleanUP_base,2,d4e51,ln6nfa7gd,39876,14,9,0,1,7,14,0,0
119,CleanUP_base,2,d4e51,ln6nfa7gd,40105,13,9,0,2,7,14,0,0
120,CleanUP_base,2,d4e51,ln6nfa7gd,40332,12,9,0,1,7,15,0,1
121,CleanUP_base,2,d4e51,ln6nfa7gd,40561,11,9,0,1,7,15,0,0
183,CleanUP_base,2,d4e51,p39nkfddj,66704,14,7,7,1,4,25,0,0
172,CleanUP_base,2,d4e51,p39nkfddj,58049,13,5,3,1,4,21,0,0
173,CleanUP_base,2,d4e51,p39nkfddj,58248,13,4,4,0,4,22,0,1
174,CleanUP_base,2,d4e51,p39nkfddj,58477,13,3,4,0,4,22,0,0
175,CleanUP_base,2,d4e51,p39nkfddj,64601,12,3,7,3,4,22,0,0
176,CleanUP_base,2,d4e51,p39nkfddj,64869,12,4,7,3,4,22,0,0
177,CleanUP_base,2,d4e51,p39nkfddj,65045,12,5,7,3,4,22,0,0
178,CleanUP_base,2,d4e51,p39nkfddj,65225,12,6,7,2,4,23,0,1
179,CleanUP_base,2,d4e51,p39nkfddj,65423,12,7,7,1,4,24,0,1
180,CleanUP_base,2,d4e51,p39nkfddj,65657,13,7,7,1,4,24,0,0
181,CleanUP_base,2,d4e51,p39nkfddj,65960,14,7,7,1,4,24,0,0
182,CleanUP_base,2,d4e51,p39nkfddj,66195,14,8,7,1,4,25,0,1
171,CleanUP_base,2,d4e51,p39nkfddj,57855,13,6,3,1,4,21,0,0
184,CleanUP_base,2,d4e51,p39nkfddj,66916,14,6,7,1,4,25,0,0
185,CleanUP_base,2,d4e51,p39nkfddj,67081,14,5,7,1,4,25,0,0
186,CleanUP_base,2,d4e51,p39nkfddj,67255,14,4,7,1,4,25,0,0
187,CleanUP_base,2,d4e51,p39nkfddj,67430,14,3,7,0,4,26,0,1
188,CleanUP_base,2,d4e51,p39nkfddj,67649,14,2,7,0,4,26,0,0
189,CleanUP_base,2,d4e51,p39nkfddj,67842,13,2,7,0,4,26,0,0
190,CleanUP_base,2,d4e51,p39nkfddj,68080,12,2,7,0,4,26,0,0
191,CleanUP_base,2,d4e51,ln6nfa7gd,71800,0,0,8,2,9,15,0,0
192,CleanUP_base,2,d4e51,ln6nfa7gd,72132,0,1,8,2,9,15,0,0
193,CleanUP_base,2,d4e51,ln6nfa7gd,72240,1,1,8,2,9,15,0,0
194,CleanUP_base,2,d4e51,ln6nfa7gd,72518,1,2,7,2,10,15,1,0
159,CleanUP_base,2,d4e51,p39nkfddj,54837,12,3,1,5,4,15,0,1
148,CleanUP_base,2,d4e51,p39nkfddj,52282,14,6,1,8,4,10,0,0
149,CleanUP_base,2,d4e51,p39nkfddj,52513,14,5,1,7,4,11,0,1
150,CleanUP_base,2,d4e51,p39nkfddj,52659,14,4,1,7,4,11,0,0
151,CleanUP_base,2,d4e51,p39nkfddj,52884,14,3,1,7,4,11,0,0
152,CleanUP_base,2,d4e51,p39nkfddj,53078,14,2,1,8,4,11,0,0
153,CleanUP_base,2,d4e51,p39nkfddj,53257,14,1,1,7,4,12,0,1
154,CleanUP_base,2,d4e51,p39nkfddj,53479,13,1,1,6,4,13,0,1
155,CleanUP_base,2,d4e51,p39nkfddj,53861,13,0,1,6,4,13,0,0
156,CleanUP_base,2,d4e51,p39nkfddj,54114,12,0,1,6,4,14,0,1
157,CleanUP_base,2,d4e51,p39nkfddj,54417,12,1,1,6,4,14,0,0
158,CleanUP_base,2,d4e51,p39nkfddj,54622,12,2,1,6,4,14,0,0
147,CleanUP_base,2,d4e51,p39nkfddj,52026,14,7,1,7,4,10,0,1
160,CleanUP_base,2,d4e51,p39nkfddj,55005,12,4,1,4,4,16,0,1
161,CleanUP_base,2,d4e51,p39nkfddj,55228,13,4,2,4,4,17,0,1
162,CleanUP_base,2,d4e51,p39nkfddj,55481,13,5,2,3,4,18,0,1
163,CleanUP_base,2,d4e51,p39nkfddj,55761,13,6,2,3,4,18,0,0
164,CleanUP_base,2,d4e51,p39nkfddj,55975,13,7,2,2,4,19,0,1
165,CleanUP_base,2,d4e51,p39nkfddj,56164,13,8,3,2,4,19,0,0
166,CleanUP_base,2,d4e51,p39nkfddj,56358,14,8,3,2,4,19,0,0
167,CleanUP_base,2,d4e51,p39nkfddj,57022,14,9,3,1,4,20,0,1
168,CleanUP_base,2,d4e51,p39nkfddj,57268,14,8,3,2,4,20,0,0
169,CleanUP_base,2,d4e51,p39nkfddj,57479,14,7,3,2,4,20,0,0
170,CleanUP_base,2,d4e51,p39nkfddj,57665,14,6,3,1,4,21,0,1
38,CleanUP_base,2,d4e51,p39nkfddj,12225,13,4,1,6,4,1,0,0
26,CleanUP_base,2,d4e51,p39nkfddj,9220,4,7,1,4,4,0,0,0
27,CleanUP_base,2,d4e51,p39nkfddj,9714,5,7,1,4,4,0,0,0
28,CleanUP_base,2,d4e51,p39nkfddj,9931,6,7,1,4,4,0,0,0
29,CleanUP_base,2,d4e51,p39nkfddj,10124,7,7,1,5,4,0,0,0
30,CleanUP_base,2,d4e51,p39nkfddj,10340,8,7,1,5,4,0,0,0
31,CleanUP_base,2,d4e51,p39nkfddj,10562,9,7,1,5,4,0,0,0
32,CleanUP_base,2,d4e51,p39nkfddj,10764,10,7,1,5,4,0,0,0
33,CleanUP_base,2,d4e51,p39nkfddj,10984,11,7,1,5,4,0,0,0
34,CleanUP_base,2,d4e51,p39nkfddj,11282,12,7,1,6,4,0,0,0
35,CleanUP_base,2,d4e51,p39nkfddj,11574,12,6,1,6,4,0,0,0
36,CleanUP_base,2,d4e51,p39nkfddj,11794,12,5,1,5,4,1,0,1
37,CleanUP_base,2,d4e51,p39nkfddj,12050,12,4,1,6,4,1,0,0
25,CleanUP_base,2,d4e51,p39nkfddj,9012,3,7,0,3,4,0,0,0
39,CleanUP_base,2,d4e51,p39nkfddj,12468,13,3,1,5,4,2,0,1
40,CleanUP_base,2,d4e51,p39nkfddj,12724,13,2,1,5,4,2,0,0
41,CleanUP_base,2,d4e51,p39nkfddj,13008,12,2,1,5,4,2,0,0
42,CleanUP_base,2,d4e51,p39nkfddj,13242,12,1,1,4,4,3,0,1
43,CleanUP_base,2,d4e51,p39nkfddj,13448,12,0,1,3,4,4,0,1
44,CleanUP_base,2,d4e51,p39nkfddj,13723,13,0,1,3,4,4,0,0
45,CleanUP_base,2,d4e51,p39nkfddj,13982,14,0,1,2,4,5,0,1
46,CleanUP_base,2,d4e51,p39nkfddj,14248,14,1,2,2,4,5,0,0
47,CleanUP_base,2,d4e51,p39nkfddj,14452,14,2,2,2,4,5,0,0
48,CleanUP_base,2,d4e51,p39nkfddj,14648,14,3,2,2,4,5,0,0
49,CleanUP_base,2,d4e51,p39nkfddj,14819,14,4,2,2,4,5,0,0
13,CleanUP_base,2,d4e51,p39nkfddj,5447,5,7,1,2,2,0,0,0
2,CleanUP_base,2,d4e51,p39nkfddj,1709,5,4,1,1,0,0,0,0
3,CleanUP_base,2,d4e51,p39nkfddj,2263,4,4,2,2,0,0,0,0
4,CleanUP_base,2,d4e51,p39nkfddj,2760,3,4,2,2,0,0,0,0
5,CleanUP_base,2,d4e51,p39nkfddj,3212,2,4,2,2,0,0,0,0
6,CleanUP_base,2,d4e51,p39nkfddj,3566,2,5,2,2,0,0,0,0
7,CleanUP_base,2,d4e51,p39nkfddj,3881,1,5,1,2,1,0,1,0
8,CleanUP_base,2,d4e51,p39nkfddj,4281,1,6,1,2,1,0,0,0
9,CleanUP_base,2,d4e51,p39nkfddj,4526,1,7,1,2,1,0,0,0
10,CleanUP_base,2,d4e51,p39nkfddj,4706,2,7,0,2,2,0,1,0
11,CleanUP_base,2,d4e51,p39nkfddj,5044,3,7,1,2,2,0,0,0
12,CleanUP_base,2,d4e51,p39nkfddj,5246,4,7,1,2,2,0,0,0
50,CleanUP_base,2,d4e51,p39nkfddj,15015,14,5,2,2,4,5,0,0
14,CleanUP_base,2,d4e51,p39nkfddj,5616,6,7,1,2,2,0,0,0
15,CleanUP_base,2,d4e51,p39nkfddj,5896,5,7,1,2,2,0,0,0
16,CleanUP_base,2,d4e51,p39nkfddj,6114,4,7,1,2,2,0,0,0
17,CleanUP_base,2,d4e51,p39nkfddj,6307,4,8,1,2,2,0,0,0
18,CleanUP_base,2,d4e51,p39nkfddj,6609,3,8,1,2,2,0,0,0
19,CleanUP_base,2,d4e51,p39nkfddj,6903,2,8,0,2,3,0,1,0
20,CleanUP_base,2,d4e51,p39nkfddj,7841,2,7,1,3,3,0,0,0
21,CleanUP_base,2,d4e51,p39nkfddj,8033,1,7,0,3,4,0,1,0
22,CleanUP_base,2,d4e51,p39nkfddj,8320,0,7,0,3,4,0,0,0
23,CleanUP_base,2,d4e51,p39nkfddj,8558,1,7,0,3,4,0,0,0
24,CleanUP_base,2,d4e51,p39nkfddj,8780,2,7,0,3,4,0,0,0
86,CleanUP_base,2,d4e51,ln6nfa7gd,31713,10,5,0,9,7,0,0,0
75,CleanUP_base,2,d4e51,ln6nfa7gd,24287,0,6,1,4,6,0,0,0
76,CleanUP_base,2,d4e51,ln6nfa7gd,24554,1,6,1,4,6,0,0,0
77,CleanUP_base,2,d4e51,ln6nfa7gd,24799,2,6,0,4,7,0,1,0
78,CleanUP_base,2,d4e51,ln6nfa7gd,25251,3,6,0,5,7,0,0,0
79,CleanUP_base,2,d4e51,ln6nfa7gd,30065,3,5,0,9,7,0,0,0
80,CleanUP_base,2,d4e51,ln6nfa7gd,30492,4,5,0,9,7,0,0,0
81,CleanUP_base,2,d4e51,ln6nfa7gd,30721,5,5,0,9,7,0,0,0
82,CleanUP_base,2,d4e51,ln6nfa7gd,30926,6,5,0,9,7,0,0,0
83,CleanUP_base,2,d4e51,ln6nfa7gd,31126,7,5,0,9,7,0,0,0
84,CleanUP_base,2,d4e51,ln6nfa7gd,31319,8,5,0,9,7,0,0,0
85,CleanUP_base,2,d4e51,ln6nfa7gd,31513,9,5,0,9,7,0,0,0
74,CleanUP_base,2,d4e51,ln6nfa7gd,24020,0,5,0,3,6,0,1,0
87,CleanUP_base,2,d4e51,ln6nfa7gd,31916,11,5,0,9,7,0,0,0
88,CleanUP_base,2,d4e51,ln6nfa7gd,32111,12,5,0,9,7,1,0,1
89,CleanUP_base,2,d4e51,ln6nfa7gd,32395,13,5,0,9,7,1,0,0
90,CleanUP_base,2,d4e51,ln6nfa7gd,32665,13,6,0,9,7,1,0,0
91,CleanUP_base,2,d4e51,ln6nfa7gd,32866,13,7,0,9,7,1,0,0
92,CleanUP_base,2,d4e51,ln6nfa7gd,33032,12,7,0,8,7,2,0,1
93,CleanUP_base,2,d4e51,ln6nfa7gd,33468,13,7,0,9,7,2,0,0
94,CleanUP_base,2,d4e51,ln6nfa7gd,33661,14,7,0,9,7,2,0,0
95,CleanUP_base,2,d4e51,ln6nfa7gd,33977,14,8,0,8,7,3,0,1
96,CleanUP_base,2,d4e51,ln6nfa7gd,34580,14,9,0,7,7,4,0,1
97,CleanUP_base,2,d4e51,ln6nfa7gd,35013,14,8,0,7,7,4,0,0
62,CleanUP_base,2,d4e51,ln6nfa7gd,21282,2,7,5,3,1,0,0,0
51,CleanUP_base,2,d4e51,p39nkfddj,15201,14,6,2,3,4,5,0,0
52,CleanUP_base,2,d4e51,p39nkfddj,15385,14,7,2,3,4,5,0,0
53,CleanUP_base,2,d4e51,p39nkfddj,15609,14,8,2,2,4,6,0,1
54,CleanUP_base,2,d4e51,p39nkfddj,15991,13,8,2,1,4,7,0,1
55,CleanUP_base,2,d4e51,p39nkfddj,16734,12,8,3,0,4,8,0,1
56,CleanUP_base,2,d4e51,ln6nfa7gd,20069,6,5,5,2,0,0,0,0
57,CleanUP_base,2,d4e51,ln6nfa7gd,20310,5,5,5,2,0,0,0,0
58,CleanUP_base,2,d4e51,ln6nfa7gd,20483,4,5,5,2,0,0,0,0
59,CleanUP_base,2,d4e51,ln6nfa7gd,20649,3,5,5,2,0,0,0,0
60,CleanUP_base,2,d4e51,ln6nfa7gd,20838,2,5,5,2,0,0,0,0
61,CleanUP_base,2,d4e51,ln6nfa7gd,21022,2,6,4,2,1,0,1,0
98,CleanUP_base,2,d4e51,ln6nfa7gd,35235,14,7,0,8,7,4,0,0
63,CleanUP_base,2,d4e51,ln6nfa7gd,21494,2,6,5,3,1,0,0,0
64,CleanUP_base,2,d4e51,ln6nfa7gd,21671,2,5,5,3,1,0,0,0
65,CleanUP_base,2,d4e51,ln6nfa7gd,21859,2,4,5,3,1,0,0,0
66,CleanUP_base,2,d4e51,ln6nfa7gd,22043,2,3,4,3,2,0,1,0
67,CleanUP_base,2,d4e51,ln6nfa7gd,22220,2,2,3,3,3,0,1,0
68,CleanUP_base,2,d4e51,ln6nfa7gd,22392,2,1,2,3,4,0,1,0
69,CleanUP_base,2,d4e51,ln6nfa7gd,22642,1,1,2,3,4,0,0,0
70,CleanUP_base,2,d4e51,ln6nfa7gd,22955,1,2,1,3,5,0,1,0
71,CleanUP_base,2,d4e51,ln6nfa7gd,23343,1,3,1,3,5,0,0,0
72,CleanUP_base,2,d4e51,ln6nfa7gd,23546,1,4,1,3,5,0,0,0
73,CleanUP_base,2,d4e51,ln6nfa7gd,23721,0,4,1,3,5,0,0,0
281,CleanUP_base,2,d4e51,p39nkfddj,99857,13,8,6,2,4,44,0,0
268,CleanUP_base,2,d4e51,p39nkfddj,95424,13,7,5,2,4,40,0,0
269,CleanUP_base,2,d4e51,p39nkfddj,95732,13,8,5,2,4,40,0,0
270,CleanUP_base,2,d4e51,p39nkfddj,95968,14,8,5,1,4,41,0,1
271,CleanUP_base,2,d4e51,p39nkfddj,96315,13,8,5,2,4,41,0,0
272,CleanUP_base,2,d4e51,p39nkfddj,96566,12,8,5,2,4,41,0,0
273,CleanUP_base,2,d4e51,p39nkfddj,96790,12,7,5,2,4,41,0,0
274,CleanUP_base,2,d4e51,p39nkfddj,97060,13,7,5,1,4,42,0,1
275,CleanUP_base,2,d4e51,p39nkfddj,97602,13,6,6,2,4,42,0,0
276,CleanUP_base,2,d4e51,p39nkfddj,97881,14,6,6,2,4,42,0,0
277,CleanUP_base,2,d4e51,p39nkfddj,98363,14,7,6,3,4,42,0,0
278,CleanUP_base,2,d4e51,p39nkfddj,98600,14,8,6,2,4,43,0,1
279,CleanUP_base,2,d4e51,p39nkfddj,98866,13,8,6,2,4,43,0,0
280,CleanUP_base,2,d4e51,p39nkfddj,99082,13,7,6,1,4,44,0,1
267,CleanUP_base,2,d4e51,p39nkfddj,95115,13,6,5,1,4,40,0,0
282,CleanUP_base,2,d4e51,p39nkfddj,100073,13,9,6,1,4,45,0,1
283,CleanUP_base,2,d4e51,p39nkfddj,100542,12,9,6,2,4,45,0,0
284,CleanUP_base,2,d4e51,p39nkfddj,100782,13,9,6,2,4,45,0,0
285,CleanUP_base,2,d4e51,p39nkfddj,101143,14,9,6,2,4,45,0,0
286,CleanUP_base,2,d4e51,p39nkfddj,101360,14,8,7,2,4,46,0,1
287,CleanUP_base,2,d4e51,p39nkfddj,101816,13,8,7,2,4,46,0,0
288,CleanUP_base,2,d4e51,p39nkfddj,102003,13,7,7,2,4,46,0,0
289,CleanUP_base,2,d4e51,p39nkfddj,102283,12,7,7,3,4,46,0,0
290,CleanUP_base,2,d4e51,p39nkfddj,102378,12,6,7,3,4,46,0,0
291,CleanUP_base,2,d4e51,p39nkfddj,102526,11,6,7,3,4,46,0,0
292,CleanUP_base,2,d4e51,p39nkfddj,102650,11,5,7,3,4,46,0,0
293,CleanUP_base,2,d4e51,p39nkfddj,102984,11,4,7,3,4,46,0,0
254,CleanUP_base,2,d4e51,p39nkfddj,89980,14,4,2,1,4,38,0,0
242,CleanUP_base,2,d4e51,p39nkfddj,87140,13,3,1,2,4,36,0,0
243,CleanUP_base,2,d4e51,p39nkfddj,87331,13,4,1,2,4,36,0,0
244,CleanUP_base,2,d4e51,p39nkfddj,87530,13,5,1,2,4,36,0,0
245,CleanUP_base,2,d4e51,p39nkfddj,87895,14,5,1,2,4,36,0,0
246,CleanUP_base,2,d4e51,p39nkfddj,88128,14,6,1,2,4,36,0,0
247,CleanUP_base,2,d4e51,p39nkfddj,88347,14,7,1,2,4,37,0,1
248,CleanUP_base,2,d4e51,p39nkfddj,88561,14,8,1,2,4,37,0,0
249,CleanUP_base,2,d4e51,p39nkfddj,88824,13,8,1,2,4,37,0,0
250,CleanUP_base,2,d4e51,p39nkfddj,88917,13,7,1,2,4,37,0,0
251,CleanUP_base,2,d4e51,p39nkfddj,89213,13,6,2,1,4,38,0,1
252,CleanUP_base,2,d4e51,p39nkfddj,89600,14,6,2,1,4,38,0,0
253,CleanUP_base,2,d4e51,p39nkfddj,89770,14,5,2,1,4,38,0,0
294,CleanUP_base,2,d4e51,p39nkfddj,103261,12,4,7,4,4,46,0,0
255,CleanUP_base,2,d4e51,p39nkfddj,90192,14,3,2,1,4,38,0,0
256,CleanUP_base,2,d4e51,p39nkfddj,90446,14,2,2,1,4,38,0,0
257,CleanUP_base,2,d4e51,p39nkfddj,90661,14,1,2,0,4,39,0,1
258,CleanUP_base,2,d4e51,p39nkfddj,90898,13,1,2,0,4,39,0,0
259,CleanUP_base,2,d4e51,p39nkfddj,93156,13,2,5,2,4,39,0,0
195,CleanUP_base,2,d4e51,ln6nfa7gd,72724,1,3,6,2,11,15,1,0
261,CleanUP_base,2,d4e51,p39nkfddj,93620,13,4,5,2,4,39,0,0
262,CleanUP_base,2,d4e51,p39nkfddj,93856,12,4,5,2,4,39,0,0
263,CleanUP_base,2,d4e51,p39nkfddj,94029,12,3,5,1,4,40,0,1
264,CleanUP_base,2,d4e51,p39nkfddj,94499,13,3,5,1,4,40,0,0
265,CleanUP_base,2,d4e51,p39nkfddj,94685,13,4,5,1,4,40,0,0
266,CleanUP_base,2,d4e51,p39nkfddj,94891,13,5,5,1,4,40,0,0
333,CleanUP_base,2,d4e51,ln6nfa7gd,119237,0,9,12,4,23,15,1,0
321,CleanUP_base,2,d4e51,p39nkfddj,111951,12,9,13,0,4,54,0,1
322,CleanUP_base,2,d4e51,ln6nfa7gd,116623,2,2,18,2,17,15,0,0
323,CleanUP_base,2,d4e51,ln6nfa7gd,116857,1,2,17,2,18,15,1,0
324,CleanUP_base,2,d4e51,ln6nfa7gd,117229,1,1,16,2,19,15,1,0
325,CleanUP_base,2,d4e51,ln6nfa7gd,117562,1,2,16,2,19,15,0,0
326,CleanUP_base,2,d4e51,ln6nfa7gd,117730,1,3,15,2,20,15,1,0
327,CleanUP_base,2,d4e51,ln6nfa7gd,117910,1,4,14,2,21,15,1,0
328,CleanUP_base,2,d4e51,ln6nfa7gd,118080,1,5,14,2,21,15,0,0
329,CleanUP_base,2,d4e51,ln6nfa7gd,118246,1,6,14,3,21,15,0,0
330,CleanUP_base,2,d4e51,ln6nfa7gd,118408,1,7,14,3,21,15,0,0
331,CleanUP_base,2,d4e51,ln6nfa7gd,118582,1,8,14,3,21,15,0,0
332,CleanUP_base,2,d4e51,ln6nfa7gd,118762,1,9,13,3,22,15,1,0
320,CleanUP_base,2,d4e51,p39nkfddj,111499,13,9,13,1,4,53,0,0
334,CleanUP_base,2,d4e51,ln6nfa7gd,119473,0,8,11,4,24,15,1,0
335,CleanUP_base,2,d4e51,ln6nfa7gd,119668,0,7,11,4,24,15,0,0
336,CleanUP_base,2,d4e51,ln6nfa7gd,119821,0,6,10,4,25,15,1,0
337,CleanUP_base,2,d4e51,ln6nfa7gd,120012,0,5,9,4,26,15,1,0
338,CleanUP_base,2,d4e51,ln6nfa7gd,120188,0,4,8,4,27,15,1,0
339,CleanUP_base,2,d4e51,ln6nfa7gd,120368,0,3,7,4,28,15,1,0
340,CleanUP_base,2,d4e51,ln6nfa7gd,120543,0,2,7,4,28,15,0,0
341,CleanUP_base,2,d4e51,ln6nfa7gd,120734,0,1,6,4,29,15,1,0
342,CleanUP_base,2,d4e51,ln6nfa7gd,120921,0,0,5,4,30,15,1,0
343,CleanUP_base,2,d4e51,ln6nfa7gd,121160,1,0,5,4,30,15,0,0
344,CleanUP_base,2,d4e51,ln6nfa7gd,121468,2,0,4,4,31,15,1,0
1,CleanUP_base,2,d4e51,p39nkfddj,986,6,4,0,0,0,0,0,0
307,CleanUP_base,2,d4e51,p39nkfddj,107103,14,3,9,1,4,51,0,1
295,CleanUP_base,2,d4e51,p39nkfddj,103634,13,4,7,4,4,46,0,0
296,CleanUP_base,2,d4e51,p39nkfddj,103874,14,4,7,3,4,47,0,1
297,CleanUP_base,2,d4e51,p39nkfddj,104074,13,4,7,3,4,47,0,0
298,CleanUP_base,2,d4e51,p39nkfddj,104288,13,3,8,4,4,47,0,0
299,CleanUP_base,2,d4e51,p39nkfddj,104575,12,3,8,3,4,48,0,1
300,CleanUP_base,2,d4e51,p39nkfddj,104964,12,2,8,2,4,49,0,1
301,CleanUP_base,2,d4e51,p39nkfddj,105413,13,2,8,2,4,49,0,0
302,CleanUP_base,2,d4e51,p39nkfddj,105609,13,1,8,1,4,50,0,1
303,CleanUP_base,2,d4e51,p39nkfddj,106158,13,2,9,2,4,50,0,0
304,CleanUP_base,2,d4e51,p39nkfddj,106341,13,3,9,2,4,50,0,0
305,CleanUP_base,2,d4e51,p39nkfddj,106527,13,4,9,2,4,50,0,0
306,CleanUP_base,2,d4e51,p39nkfddj,106803,14,4,9,2,4,50,0,0
260,CleanUP_base,2,d4e51,p39nkfddj,93420,13,3,5,2,4,39,0,0
308,CleanUP_base,2,d4e51,p39nkfddj,107461,14,4,10,1,4,51,0,0
309,CleanUP_base,2,d4e51,p39nkfddj,107676,14,5,10,1,4,51,0,0
310,CleanUP_base,2,d4e51,p39nkfddj,107892,14,6,10,1,4,51,0,0
311,CleanUP_base,2,d4e51,p39nkfddj,108078,14,7,10,0,4,52,0,1
312,CleanUP_base,2,d4e51,p39nkfddj,108281,14,8,11,1,4,52,0,0
313,CleanUP_base,2,d4e51,p39nkfddj,108916,14,7,11,1,4,52,0,0
314,CleanUP_base,2,d4e51,p39nkfddj,109898,13,7,11,1,4,52,0,0
315,CleanUP_base,2,d4e51,p39nkfddj,110061,12,7,11,0,4,53,0,1
316,CleanUP_base,2,d4e51,p39nkfddj,110334,11,7,12,1,4,53,0,0
317,CleanUP_base,2,d4e51,p39nkfddj,110764,11,8,12,1,4,53,0,0
318,CleanUP_base,2,d4e51,p39nkfddj,110970,12,8,12,1,4,53,0,0
319,CleanUP_base,2,d4e51,p39nkfddj,111275,13,8,13,1,4,53,0,0
204,CleanUP_base,2,d4e51,ln6nfa7gd,74702,0,7,2,3,15,15,0,0
221,CleanUP_base,2,d4e51,p39nkfddj,82107,13,8,0,3,4,31,0,1
233,CleanUP_base,2,d4e51,p39nkfddj,85186,13,6,0,1,4,35,0,0
235,CleanUP_base,2,d4e51,p39nkfddj,85548,13,4,0,1,4,35,0,0
222,CleanUP_base,2,d4e51,p39nkfddj,82320,13,9,0,4,4,31,0,0
201,CleanUP_base,2,d4e51,ln6nfa7gd,73971,1,9,3,3,14,15,0,0
213,CleanUP_base,2,d4e51,p39nkfddj,80265,13,2,0,7,4,27,0,1
206,CleanUP_base,2,d4e51,ln6nfa7gd,75115,0,5,2,3,15,15,0,0
202,CleanUP_base,2,d4e51,ln6nfa7gd,74257,0,9,2,3,15,15,1,0
203,CleanUP_base,2,d4e51,ln6nfa7gd,74497,0,8,2,3,15,15,0,0
223,CleanUP_base,2,d4e51,p39nkfddj,82533,12,9,0,3,4,32,0,1
237,CleanUP_base,2,d4e51,p39nkfddj,85917,13,2,0,1,4,35,0,0
200,CleanUP_base,2,d4e51,ln6nfa7gd,73649,1,8,3,3,14,15,0,0
208,CleanUP_base,2,d4e51,ln6nfa7gd,75567,0,3,1,4,16,15,0,0
229,CleanUP_base,2,d4e51,p39nkfddj,84182,13,8,0,2,4,34,0,0
224,CleanUP_base,2,d4e51,p39nkfddj,82808,12,8,0,3,4,32,0,0
226,CleanUP_base,2,d4e51,p39nkfddj,83273,14,8,0,3,4,33,0,1
236,CleanUP_base,2,d4e51,p39nkfddj,85736,13,3,0,1,4,35,0,0
234,CleanUP_base,2,d4e51,p39nkfddj,85377,13,5,0,1,4,35,0,0
225,CleanUP_base,2,d4e51,p39nkfddj,83019,13,8,0,3,4,32,0,0
228,CleanUP_base,2,d4e51,p39nkfddj,83934,13,7,0,2,4,34,0,0
205,CleanUP_base,2,d4e51,ln6nfa7gd,74930,0,6,2,3,15,15,0,0
212,CleanUP_base,2,d4e51,ln6nfa7gd,76464,2,1,0,5,17,15,0,0
207,CleanUP_base,2,d4e51,ln6nfa7gd,75309,0,4,1,4,16,15,1,0
215,CleanUP_base,2,d4e51,p39nkfddj,80976,13,2,0,6,4,28,0,0
211,CleanUP_base,2,d4e51,ln6nfa7gd,76200,2,2,0,5,17,15,1,0
241,CleanUP_base,2,d4e51,p39nkfddj,86934,13,2,1,1,4,36,0,0
196,CleanUP_base,2,d4e51,ln6nfa7gd,72936,1,4,6,2,11,15,0,0
216,CleanUP_base,2,d4e51,p39nkfddj,81169,13,3,0,5,4,29,0,1
231,CleanUP_base,2,d4e51,p39nkfddj,84801,13,8,0,1,4,35,0,0
217,CleanUP_base,2,d4e51,p39nkfddj,81357,13,4,0,5,4,29,0,0
227,CleanUP_base,2,d4e51,p39nkfddj,83536,14,7,0,2,4,34,0,1
240,CleanUP_base,2,d4e51,p39nkfddj,86740,13,1,1,1,4,36,0,0
197,CleanUP_base,2,d4e51,ln6nfa7gd,73102,1,5,5,2,12,15,1,0
218,CleanUP_base,2,d4e51,p39nkfddj,81548,13,5,0,5,4,29,0,0
198,CleanUP_base,2,d4e51,ln6nfa7gd,73285,1,6,4,3,13,15,1,0
219,CleanUP_base,2,d4e51,p39nkfddj,81737,13,6,0,4,4,30,0,1
230,CleanUP_base,2,d4e51,p39nkfddj,84391,13,9,0,1,4,35,0,1
210,CleanUP_base,2,d4e51,ln6nfa7gd,76033,2,3,1,4,16,15,0,0
214,CleanUP_base,2,d4e51,p39nkfddj,80556,13,1,0,6,4,28,0,1
232,CleanUP_base,2,d4e51,p39nkfddj,85007,13,7,0,1,4,35,0,0
239,CleanUP_base,2,d4e51,p39nkfddj,86360,13,0,1,1,4,36,0,0
199,CleanUP_base,2,d4e51,ln6nfa7gd,73468,1,7,3,3,14,15,1,0
220,CleanUP_base,2,d4e51,p39nkfddj,81938,13,7,0,4,4,30,0,0
209,CleanUP_base,2,d4e51,ln6nfa7gd,75804,1,3,1,4,16,15,0,0
238,CleanUP_base,2,d4e51,p39nkfddj,86095,13,1,0,0,4,36,0,1
1062,CleanUP_base,2,df4ec,bo061lv1n,9927,6,1,2,1,2,2,0,0
1126,CleanUP_base,2,df4ec,bo061lv1n,15359,3,1,1,4,7,2,0,0
1329,CleanUP_base,2,df4ec,ifjc246cl,34874,13,8,0,4,1,15,0,0
1333,CleanUP_base,2,df4ec,ifjc246cl,35314,14,9,1,4,1,15,0,0
1332,CleanUP_base,2,df4ec,ifjc246cl,35116,13,9,1,4,1,15,0,0
1116,CleanUP_base,2,df4ec,bo061lv1n,14495,1,2,1,4,6,2,0,0
1316,CleanUP_base,2,df4ec,ifjc246cl,33954,12,5,0,5,1,13,0,0
1305,CleanUP_base,2,df4ec,ifjc246cl,33158,8,5,0,5,1,13,0,0
1140,CleanUP_base,2,df4ec,bo061lv1n,16413,0,1,1,5,7,2,0,0
1308,CleanUP_base,2,df4ec,ifjc246cl,33344,9,5,0,5,1,13,0,0
1310,CleanUP_base,2,df4ec,ifjc246cl,33559,10,5,0,5,1,13,0,0
1138,CleanUP_base,2,df4ec,bo061lv1n,16171,1,1,1,5,7,2,0,0
1313,CleanUP_base,2,df4ec,ifjc246cl,33765,11,5,0,5,1,13,0,0
1136,CleanUP_base,2,df4ec,bo061lv1n,15965,2,1,1,4,7,2,0,0
1055,CleanUP_base,2,df4ec,bo061lv1n,9173,10,1,2,1,2,2,0,0
1326,CleanUP_base,2,df4ec,ifjc246cl,34657,13,7,0,4,1,15,0,1
1057,CleanUP_base,2,df4ec,bo061lv1n,9361,9,1,2,1,2,2,0,0
1319,CleanUP_base,2,df4ec,ifjc246cl,34197,13,5,0,6,1,13,0,0
1132,CleanUP_base,2,df4ec,bo061lv1n,15724,3,1,1,4,7,2,0,0
1058,CleanUP_base,2,df4ec,bo061lv1n,9547,8,1,2,1,2,2,0,0
1130,CleanUP_base,2,df4ec,bo061lv1n,15553,4,1,1,4,7,2,0,0
1323,CleanUP_base,2,df4ec,ifjc246cl,34455,13,6,0,5,1,14,0,1
1060,CleanUP_base,2,df4ec,bo061lv1n,9752,7,1,2,1,2,2,0,0
1096,CleanUP_base,2,df4ec,bo061lv1n,12665,2,5,1,3,5,2,1,0
1363,CleanUP_base,2,df4ec,ifjc246cl,38115,11,0,1,3,1,18,0,0
1103,CleanUP_base,2,df4ec,bo061lv1n,13421,0,6,2,3,5,2,0,0
1367,CleanUP_base,2,df4ec,ifjc246cl,38333,11,1,1,3,1,18,0,0
1101,CleanUP_base,2,df4ec,bo061lv1n,13275,0,5,2,3,5,2,0,0
1370,CleanUP_base,2,df4ec,ifjc246cl,38539,11,2,1,3,1,18,0,0
1078,CleanUP_base,2,df4ec,bo061lv1n,11302,1,0,3,2,3,2,0,0
1372,CleanUP_base,2,df4ec,ifjc246cl,38734,12,2,1,3,1,18,0,0
1374,CleanUP_base,2,df4ec,ifjc246cl,38983,12,3,1,2,1,19,0,1
1098,CleanUP_base,2,df4ec,bo061lv1n,12971,1,5,1,3,5,2,0,0
1377,CleanUP_base,2,df4ec,ifjc246cl,39182,12,4,2,3,1,19,0,0
1107,CleanUP_base,2,df4ec,bo061lv1n,13696,1,6,1,3,6,2,1,0
1379,CleanUP_base,2,df4ec,ifjc246cl,39491,12,5,2,3,1,19,0,0
1081,CleanUP_base,2,df4ec,bo061lv1n,11548,1,1,2,2,4,2,1,0
1381,CleanUP_base,2,df4ec,ifjc246cl,39683,12,6,2,3,1,19,0,0
1382,CleanUP_base,2,df4ec,ifjc246cl,39870,12,7,2,3,1,19,0,0
1093,CleanUP_base,2,df4ec,bo061lv1n,12413,2,4,2,3,4,2,0,0
1386,CleanUP_base,2,df4ec,ifjc246cl,40077,12,8,2,3,1,20,0,1
1091,CleanUP_base,2,df4ec,bo061lv1n,12224,2,3,2,3,4,2,0,0
1084,CleanUP_base,2,df4ec,bo061lv1n,11822,1,2,2,2,4,2,0,0
1389,CleanUP_base,2,df4ec,ifjc246cl,40277,12,9,2,3,1,20,0,0
1014,CleanUP_base,2,df4ec,bo061lv1n,5731,9,3,0,1,2,0,0,0
1113,CleanUP_base,2,df4ec,bo061lv1n,14307,1,3,1,4,6,2,0,0
1122,CleanUP_base,2,df4ec,bo061lv1n,14956,2,1,0,4,7,2,1,0
1336,CleanUP_base,2,df4ec,ifjc246cl,35525,14,8,1,3,1,16,0,1
1065,CleanUP_base,2,df4ec,bo061lv1n,10322,4,1,3,2,2,2,0,0
1338,CleanUP_base,2,df4ec,ifjc246cl,35726,14,7,1,3,1,16,0,0
1119,CleanUP_base,2,df4ec,bo061lv1n,14732,2,2,1,4,6,2,0,0
1341,CleanUP_base,2,df4ec,ifjc246cl,35946,14,6,1,3,1,16,0,0
1068,CleanUP_base,2,df4ec,bo061lv1n,10529,3,1,3,2,2,2,0,0
1088,CleanUP_base,2,df4ec,bo061lv1n,12040,1,3,2,3,4,2,0,0
1345,CleanUP_base,2,df4ec,ifjc246cl,36150,14,5,1,3,1,16,0,0
1348,CleanUP_base,2,df4ec,ifjc246cl,36360,14,4,1,3,1,16,0,0
1064,CleanUP_base,2,df4ec,bo061lv1n,10124,5,1,3,2,2,2,0,0
1350,CleanUP_base,2,df4ec,ifjc246cl,36557,14,3,1,3,1,16,0,0
1071,CleanUP_base,2,df4ec,bo061lv1n,10801,3,0,3,2,2,2,0,0
1352,CleanUP_base,2,df4ec,ifjc246cl,36752,14,2,1,3,1,16,0,0
1111,CleanUP_base,2,df4ec,bo061lv1n,14115,1,4,1,4,6,2,0,0
1355,CleanUP_base,2,df4ec,ifjc246cl,36936,14,1,1,2,1,17,0,1
1356,CleanUP_base,2,df4ec,ifjc246cl,37141,14,0,1,2,1,18,0,1
1109,CleanUP_base,2,df4ec,bo061lv1n,13912,1,5,1,3,6,2,0,0
1358,CleanUP_base,2,df4ec,ifjc246cl,37526,13,0,1,2,1,18,0,0
1073,CleanUP_base,2,df4ec,bo061lv1n,10995,2,0,2,2,3,2,1,0
1360,CleanUP_base,2,df4ec,ifjc246cl,37767,12,0,1,2,1,18,0,0
1177,CleanUP_base,2,df4ec,ifjc246cl,20563,12,5,1,7,0,1,0,1
1219,CleanUP_base,2,df4ec,ifjc246cl,25056,14,2,1,5,0,8,0,1
1020,CleanUP_base,2,df4ec,bo061lv1n,6125,10,4,0,2,2,0,0,0
1221,CleanUP_base,2,df4ec,ifjc246cl,25324,13,2,1,5,0,8,0,0
995,CleanUP_base,2,df4ec,bo061lv1n,4061,4,1,0,1,2,0,0,0
1223,CleanUP_base,2,df4ec,ifjc246cl,25621,12,2,1,4,0,9,0,1
1179,CleanUP_base,2,df4ec,ifjc246cl,20769,13,5,1,6,0,2,0,1
1225,CleanUP_base,2,df4ec,ifjc246cl,25795,11,2,1,4,0,9,0,0
1227,CleanUP_base,2,df4ec,ifjc246cl,26061,12,2,1,4,0,9,0,0
992,CleanUP_base,2,df4ec,bo061lv1n,3842,3,1,0,1,2,0,0,0
1229,CleanUP_base,2,df4ec,ifjc246cl,26290,13,2,1,4,0,9,0,0
1181,CleanUP_base,2,df4ec,ifjc246cl,21011,14,5,1,6,0,2,0,0
1231,CleanUP_base,2,df4ec,ifjc246cl,26511,14,2,1,4,0,9,0,0
989,CleanUP_base,2,df4ec,bo061lv1n,3632,2,1,0,1,2,0,0,0
1234,CleanUP_base,2,df4ec,ifjc246cl,26853,14,3,1,3,0,10,0,1
1175,CleanUP_base,2,df4ec,ifjc246cl,20366,11,5,1,8,0,0,0,0
1236,CleanUP_base,2,df4ec,ifjc246cl,27056,14,4,1,3,0,10,0,0
1023,CleanUP_base,2,df4ec,bo061lv1n,6420,11,4,0,2,2,0,0,0
1238,CleanUP_base,2,df4ec,ifjc246cl,27245,13,4,1,2,0,11,0,1
1173,CleanUP_base,2,df4ec,ifjc246cl,20185,10,5,1,8,0,0,0,0
1240,CleanUP_base,2,df4ec,ifjc246cl,27651,13,5,1,2,0,11,0,0
1242,CleanUP_base,2,df4ec,ifjc246cl,27827,13,6,1,2,0,11,0,0
1186,CleanUP_base,2,df4ec,ifjc246cl,21455,14,3,1,7,0,2,0,0
1191,CleanUP_base,2,df4ec,ifjc246cl,22111,13,3,1,8,0,2,0,0
1195,CleanUP_base,2,df4ec,ifjc246cl,22640,13,4,1,7,0,3,0,1
1011,CleanUP_base,2,df4ec,bo061lv1n,5476,9,2,0,1,2,0,0,0
1197,CleanUP_base,2,df4ec,ifjc246cl,22921,13,3,1,7,0,3,0,0
1198,CleanUP_base,2,df4ec,ifjc246cl,23109,13,2,1,8,0,3,0,0
1189,CleanUP_base,2,df4ec,ifjc246cl,21835,13,2,1,7,0,2,0,0
1201,CleanUP_base,2,df4ec,ifjc246cl,23290,12,2,1,7,0,4,0,1
1008,CleanUP_base,2,df4ec,bo061lv1n,5181,9,1,0,1,2,0,0,0
1187,CleanUP_base,2,df4ec,ifjc246cl,21533,13,3,1,7,0,2,0,0
1006,CleanUP_base,2,df4ec,bo061lv1n,4919,8,1,0,1,2,0,0,0
984,CleanUP_base,2,df4ec,bo061lv1n,3048,1,1,0,1,2,0,1,0
1206,CleanUP_base,2,df4ec,ifjc246cl,23750,12,1,1,7,0,4,0,0
1017,CleanUP_base,2,df4ec,bo061lv1n,5925,9,4,0,1,2,0,0,0
1208,CleanUP_base,2,df4ec,ifjc246cl,23942,12,0,1,6,0,5,0,1
1003,CleanUP_base,2,df4ec,bo061lv1n,4678,7,1,0,1,2,0,0,0
1183,CleanUP_base,2,df4ec,ifjc246cl,21186,14,4,1,7,0,2,0,0
1000,CleanUP_base,2,df4ec,bo061lv1n,4479,6,1,0,1,2,0,0,0
1213,CleanUP_base,2,df4ec,ifjc246cl,24347,13,0,1,6,0,6,0,1
1215,CleanUP_base,2,df4ec,ifjc246cl,24570,14,0,1,6,0,6,0,0
998,CleanUP_base,2,df4ec,bo061lv1n,4274,5,1,0,1,2,0,0,0
1217,CleanUP_base,2,df4ec,ifjc246cl,24829,14,1,1,5,0,7,0,1
1288,CleanUP_base,2,df4ec,ifjc246cl,31746,1,5,0,3,1,13,0,0
1273,CleanUP_base,2,df4ec,ifjc246cl,30481,3,9,1,2,0,13,0,0
965,CleanUP_base,2,df4ec,bo061lv1n,1218,4,3,1,0,0,0,0,0
1276,CleanUP_base,2,df4ec,ifjc246cl,30666,2,9,1,2,0,13,0,0
1037,CleanUP_base,2,df4ec,bo061lv1n,7633,12,5,1,1,2,1,0,0
1279,CleanUP_base,2,df4ec,ifjc246cl,30920,1,9,1,2,0,13,0,0
1280,CleanUP_base,2,df4ec,ifjc246cl,31083,1,8,1,3,0,13,0,0
1040,CleanUP_base,2,df4ec,bo061lv1n,7852,12,4,1,1,2,1,0,0
1283,CleanUP_base,2,df4ec,ifjc246cl,31290,1,7,0,3,1,13,1,0
959,CleanUP_base,2,df4ec,bo061lv1n,634,5,3,0,0,0,0,0,0
1286,CleanUP_base,2,df4ec,ifjc246cl,31511,1,6,0,3,1,13,0,0
1271,CleanUP_base,2,df4ec,ifjc246cl,30269,4,9,1,2,0,13,0,0
1043,CleanUP_base,2,df4ec,bo061lv1n,8039,12,3,1,1,2,1,0,0
1291,CleanUP_base,2,df4ec,ifjc246cl,31957,2,5,0,3,1,13,0,0
1046,CleanUP_base,2,df4ec,bo061lv1n,8231,12,2,1,1,2,1,0,0
1294,CleanUP_base,2,df4ec,ifjc246cl,32175,3,5,0,4,1,13,0,0
1047,CleanUP_base,2,df4ec,bo061lv1n,8429,12,1,1,0,2,2,0,1
1296,CleanUP_base,2,df4ec,ifjc246cl,32375,4,5,0,4,1,13,0,0
1298,CleanUP_base,2,df4ec,ifjc246cl,32562,5,5,0,4,1,13,0,0
1300,CleanUP_base,2,df4ec,ifjc246cl,32752,6,5,0,4,1,13,0,0
1143,CleanUP_base,2,df4ec,bo061lv1n,16605,0,2,0,5,8,2,1,0
1303,CleanUP_base,2,df4ec,ifjc246cl,32962,7,5,0,4,1,13,0,0
976,CleanUP_base,2,df4ec,bo061lv1n,2407,2,2,2,0,0,0,0,0
1244,CleanUP_base,2,df4ec,ifjc246cl,28040,13,7,1,1,0,12,0,1
1171,CleanUP_base,2,df4ec,ifjc246cl,19994,9,5,1,7,0,0,0,0
1246,CleanUP_base,2,df4ec,ifjc246cl,28215,13,8,1,1,0,12,0,0
1169,CleanUP_base,2,df4ec,ifjc246cl,19639,8,5,1,7,0,0,0,0
1249,CleanUP_base,2,df4ec,ifjc246cl,28413,13,9,1,0,0,13,0,1
980,CleanUP_base,2,df4ec,bo061lv1n,2731,2,1,1,0,1,0,1,0
1026,CleanUP_base,2,df4ec,bo061lv1n,6657,11,5,0,2,2,0,0,0
1252,CleanUP_base,2,df4ec,ifjc246cl,28613,12,9,1,0,0,13,0,0
1254,CleanUP_base,2,df4ec,ifjc246cl,28861,11,9,1,0,0,13,0,0
1256,CleanUP_base,2,df4ec,ifjc246cl,29043,10,9,1,1,0,13,0,0
1051,CleanUP_base,2,df4ec,bo061lv1n,8827,11,1,1,0,2,2,0,0
1258,CleanUP_base,2,df4ec,ifjc246cl,29236,9,9,1,1,0,13,0,0
1260,CleanUP_base,2,df4ec,ifjc246cl,29486,8,9,1,1,0,13,0,0
974,CleanUP_base,2,df4ec,bo061lv1n,2116,2,3,2,0,0,0,0,0
1030,CleanUP_base,2,df4ec,bo061lv1n,6898,11,6,0,2,2,0,0,0
1263,CleanUP_base,2,df4ec,ifjc246cl,29647,7,9,1,1,0,13,0,0
1032,CleanUP_base,2,df4ec,bo061lv1n,7118,12,6,1,1,2,1,0,1
1266,CleanUP_base,2,df4ec,ifjc246cl,29868,6,9,1,1,0,13,0,0
970,CleanUP_base,2,df4ec,bo061lv1n,1732,3,3,1,0,0,0,0,0
1269,CleanUP_base,2,df4ec,ifjc246cl,30050,5,9,1,2,0,13,0,0